pincode,customer_segment,total_orders,avg_order_value,tenure_days,area_encoded
321865,2,13,451.92,656,8
149394,0,4,825.48,254,9
621411,3,17,1969.81,155,12
826054,1,4,220.09,512,10
730539,0,14,578.14,342,12
883122,1,2,669.35,311,11
649817,2,4,973.62,167,8
332997,0,15,1370.56,323,17
528426,0,17,1950.54,604,7
4515,1,1,1061.82,609,9
642727,0,10,1537.35,686,8
393286,3,11,1307.28,672,11
548633,3,19,723.95,529,12
871594,3,18,1432.53,344,3
629210,3,6,367.74,292,7
222577,0,11,281.16,323,8
381991,0,4,789.5,182,7
400041,0,14,1992.42,162,7
598757,3,7,1731.87,532,6
509163,2,10,1054.12,136,6
792550,3,12,1494.0,394,5
595920,2,10,615.86,251,9
125846,2,3,1474.04,176,9
279361,1,9,1108.86,510,14
964688,1,8,1115.88,438,7
770516,2,4,1024.45,329,10
352680,1,6,308.63,457,6
654429,3,20,701.55,495,7
494307,0,12,298.97,246,14
779981,1,8,1641.88,285,9
674102,3,14,1956.45,519,4
436202,2,14,1240.9,323,5
360999,0,9,553.0,412,16
522947,2,10,316.79,369,8
334280,2,13,1179.29,431,9
174979,0,9,644.06,557,11
82916,0,14,1454.3,311,6
688982,3,17,456.51,164,9
993533,2,13,245.46,251,10
740640,3,13,1512.4,621,10
591173,2,11,1777.83,249,12
228827,0,9,513.7,466,12
15696,2,8,509.85,446,6
525466,2,7,1301.39,240,7
548469,1,9,899.6,501,5
945899,1,13,1527.55,463,7
332066,0,17,1600.17,161,6
455587,3,4,564.55,366,9
424291,1,16,301.23,499,11
835263,1,17,356.29,317,9
373298,3,10,569.91,349,6
517675,1,1,1657.84,501,6
264654,1,4,1176.18,172,4
665417,2,9,854.35,506,9
767570,2,7,312.69,354,7
197279,1,6,1214.62,282,17
231443,3,17,1354.99,336,9
410259,0,13,1110.76,469,9
118043,1,18,1031.91,610,8
681242,3,10,607.45,372,10
469063,2,1,1747.14,579,12
147502,3,3,775.73,205,15
808063,3,16,657.98,183,11
179333,0,5,1774.41,445,8
119364,0,10,1609.11,293,7
505469,2,1,795.06,252,6
315557,0,10,1076.14,654,13
693005,3,1,1700.46,259,7
544786,2,18,1045.94,670,10
984732,3,7,871.15,646,9
820741,0,18,294.53,341,10
275919,0,9,1805.87,560,7
596613,3,15,1631.96,214,6
387538,2,16,551.81,444,9
791364,2,19,1169.96,405,6
855661,0,18,1307.64,601,6
94033,1,20,517.32,156,10
78765,2,4,1441.64,606,8
220981,1,7,1017.39,647,17
563500,3,3,1144.21,275,8
702163,2,2,735.36,335,11
663469,1,11,490.13,209,6
251590,0,2,1637.43,276,7
399792,0,6,798.18,225,9
23557,2,18,1360.15,678,9
365307,3,1,458.39,431,17
907803,0,4,979.63,314,9
286135,1,19,1592.94,323,10
852969,3,15,465.38,577,11
528705,0,10,360.91,525,8
271886,1,2,794.83,566,6
448389,1,11,347.1,147,11
591693,2,12,1815.02,315,5
609032,3,9,629.05,409,9
734693,2,8,1892.45,171,7
474639,0,1,1023.51,700,9
889940,2,20,1110.61,613,6
757209,2,18,1491.58,563,17
178528,2,8,1626.79,544,8
945900,2,1,1352.7,450,6
505894,3,8,224.01,547,8
249750,3,20,456.24,164,6
523966,3,18,482.94,632,6
401415,0,18,1010.11,591,6
681393,0,8,400.97,162,5
257432,0,13,1458.37,126,12
711091,0,14,740.4,641,10
431653,0,7,494.03,255,11
413102,3,4,1731.14,394,8
575103,2,19,1203.76,308,9
298093,3,13,1938.38,161,13
135844,0,19,1934.37,572,10
467793,3,19,1121.1,382,5
660678,0,8,1309.0,214,12
732932,0,4,1316.23,129,10
345071,3,7,321.8,420,8
595645,3,11,783.03,471,12
436981,0,6,1037.09,245,11
695591,3,20,1432.01,662,6
439705,2,12,1508.41,119,11
273810,0,4,850.2,381,9
798390,1,2,1332.82,612,5
861407,2,5,650.62,141,8
76910,0,15,362.34,527,14
565088,0,5,466.28,613,5
375272,0,13,1737.28,642,4
969027,0,11,373.44,290,12
155646,0,1,1049.94,563,8
470156,1,14,1243.4,246,10
587018,3,4,893.55,252,12
446417,0,16,1475.23,626,5
663082,0,17,1739.94,589,9
801132,0,18,246.42,525,13
865844,1,11,1158.27,287,11
457519,2,18,560.95,261,7
247798,1,17,465.55,590,7
46092,3,17,423.79,699,4
893327,1,16,365.4,463,6
650085,1,12,531.83,356,8
833704,0,18,1468.32,419,17
768626,3,8,1473.36,643,10
383118,0,19,882.63,642,14
705746,0,10,600.09,240,8
579690,2,12,887.02,231,12
506540,1,8,1881.61,302,11
571862,3,18,1263.17,421,9
320360,1,20,310.83,420,12
319422,2,7,1882.18,367,11
809285,2,17,239.05,354,8
337064,3,18,1662.44,376,8
68240,2,1,1866.16,600,8
342288,3,6,1620.01,629,9
563148,2,6,932.85,396,6
675142,0,5,599.99,643,6
519748,2,11,1225.01,698,16
73093,2,13,401.72,356,11
112464,1,14,973.32,450,7
233703,1,10,1605.13,192,10
359792,2,13,432.05,334,10
540050,0,18,1185.01,188,5
133563,2,11,1770.89,609,12
991020,2,6,263.58,252,7
827748,2,9,1106.22,578,10
396862,1,8,1219.73,238,9
111678,3,9,399.57,680,7
759090,1,5,1725.79,169,5
443175,3,16,529.87,146,6
316173,2,6,907.37,348,11
227609,1,10,915.27,690,6
476166,1,16,420.19,696,10
580141,2,18,241.19,130,7
373917,1,18,1282.7,161,5
499186,0,5,1084.47,333,3
455611,0,10,1781.9,486,12
725534,2,2,1065.52,504,8
844891,2,15,1388.33,207,9
740752,3,18,558.66,148,8
950046,2,17,228.44,371,8
104396,1,14,1592.85,682,11
117423,0,4,327.93,419,9
128140,3,14,792.74,467,7
541006,1,13,1381.95,343,5
385040,1,19,1877.55,517,7
56400,0,12,224.41,310,9
356502,1,19,1772.47,458,4
838057,2,19,1352.41,372,7
460961,3,1,284.0,674,11
87102,1,1,989.49,470,6
701201,1,8,1179.5,178,5
313275,3,2,1125.96,232,5
471009,0,5,553.12,563,9
67494,3,8,1024.69,566,11
121150,0,5,760.9,354,10
216361,2,8,565.61,425,11
773179,3,12,1118.82,700,11
971252,0,5,1482.83,241,8
887597,2,6,1523.88,633,10
522411,1,2,1943.51,125,10
618575,3,19,723.21,350,8
243517,0,7,1783.28,506,7
592981,3,18,1824.43,459,5
574799,3,20,1310.87,206,12
925782,0,3,1908.42,333,6
623581,1,8,374.61,578,10
745044,3,3,1166.67,395,8
179348,3,20,1935.84,537,17
943076,2,7,479.45,645,17
751652,1,13,1564.34,457,8
766236,0,6,1615.84,489,15
666095,2,14,1852.36,295,7
276624,1,19,1861.66,441,3
299457,3,4,1230.08,270,8
183562,0,18,892.0,153,6
970183,1,18,1406.97,216,8
936957,0,19,1911.7,543,9
660030,3,7,426.09,468,11
109408,2,9,237.42,565,6
59206,0,10,1134.6,167,11
96804,2,14,809.44,707,9
243420,0,18,1200.18,258,9
921195,2,19,1551.39,551,11
123617,0,19,1170.53,588,9
271335,3,20,792.52,154,10
993212,2,15,619.69,324,8
964776,3,12,1591.21,188,8
373773,1,15,1990.83,173,6
348478,1,17,897.78,154,11
367377,3,17,1532.5,259,7
406941,2,7,584.9,553,16
608163,0,10,260.2,608,14
398030,3,10,990.58,149,7
953801,3,18,1268.44,320,11
766714,2,4,223.45,548,8
213214,0,1,1574.94,159,6
958910,0,13,529.61,593,7
432260,2,18,1146.85,443,9
845299,0,2,290.07,382,9
979766,3,13,553.65,416,10
604955,1,14,1739.84,399,8
171389,2,9,1940.4,360,12
549174,2,20,1001.97,483,16
760694,1,20,1145.01,704,8
565436,0,11,1751.48,346,13
88946,2,2,555.78,127,9
100521,2,10,1152.02,391,9
17255,1,1,474.41,371,9
610068,2,8,1589.25,470,12
839641,2,10,701.68,115,11
569612,0,2,1638.62,396,6
627474,2,7,1881.39,115,7
726616,0,10,860.07,324,9
369390,1,4,1715.9,255,11
463029,3,1,291.29,377,13
752996,1,5,1632.94,558,11
74329,2,6,1784.79,614,18
216235,3,5,1416.06,213,10
90667,2,14,422.78,697,5
337945,3,1,1221.23,712,12
773735,2,7,1446.82,244,8
644558,2,3,747.9,557,12
530738,0,16,808.24,559,7
512761,1,14,1834.38,709,6
68801,2,12,895.49,380,6
419575,0,3,1812.55,328,8
575266,2,15,1518.76,495,14
962533,1,15,535.12,121,10
151851,3,12,1231.06,518,7
618615,3,14,491.28,226,6
119006,3,11,1133.51,157,6
198010,3,16,1686.74,381,3
918497,3,5,1229.25,699,9
88366,3,18,557.2,614,12
980279,3,13,1047.73,169,6
631598,0,15,1670.86,328,7
379070,3,2,1548.31,262,5
9792,3,2,555.76,300,6
871014,0,17,625.36,404,14
16949,2,6,492.04,332,9
837587,0,19,1171.6,506,7
793626,3,16,950.75,175,16
398241,0,1,754.95,683,8
194790,0,5,415.65,581,7
771068,1,11,1066.86,302,11
487205,0,17,579.91,587,7
433729,0,15,229.4,693,9
21360,1,18,963.9,574,15
755055,0,10,1954.42,372,12
171879,3,4,951.65,550,4
635480,0,3,1449.4,123,8
773293,1,1,1673.4,313,14
853545,0,19,1290.14,589,11
854748,3,10,1934.68,178,14
635726,3,9,1731.11,655,6
304440,0,15,1035.69,420,8
166077,3,13,273.47,549,5
471550,1,5,1759.74,699,7
918618,1,17,1168.29,659,11
924849,1,10,316.82,626,10
410334,0,8,638.86,697,8
49444,2,5,1530.95,490,8
122681,0,9,757.75,283,8
868809,2,1,1677.06,276,9
79160,0,1,1704.93,322,7
388331,2,6,1476.25,711,8
242409,0,11,1251.88,528,8
690638,0,9,598.89,262,12
585326,2,9,414.76,169,7
147671,3,13,917.32,377,10
893205,1,10,1501.23,172,6
538157,3,4,1993.07,309,10
905782,2,8,358.46,410,7
386024,1,15,1708.89,419,12
761294,1,3,1020.5,646,9
411944,2,16,546.12,253,17
651234,0,13,497.66,705,7
820810,2,5,1737.81,125,6
906839,3,19,911.74,628,11
15615,1,2,1705.17,478,8
581091,1,20,1511.87,291,7
603624,0,12,526.58,390,12
647500,2,18,425.92,586,9
12144,0,2,512.27,490,12
325134,3,16,1380.08,116,10
353937,2,12,985.23,517,8
683079,1,1,651.43,604,8
294382,0,7,1382.39,558,6
238167,2,13,1062.57,246,6
923560,1,18,332.84,275,4
107960,0,4,1146.18,406,5
58086,1,15,1739.58,232,6
115200,3,18,1748.85,139,17
198327,1,7,937.66,537,8
564210,3,15,1620.46,333,9
988097,2,13,469.6,340,8
685405,3,5,1975.13,613,6
584166,3,7,1845.28,490,6
733394,3,4,1790.07,346,5
619160,0,11,1192.81,644,7
743672,1,9,1570.98,683,13
625859,1,17,1140.22,691,9
24783,0,12,1203.36,188,7
769474,1,1,231.43,172,7
739236,0,7,1276.61,643,8
78428,0,5,687.71,130,11
447804,2,5,1588.64,622,5
711075,2,11,1511.1,661,7
648848,2,4,766.95,583,13
730983,1,1,1257.76,562,9
876370,1,14,226.62,637,6
543319,1,14,1368.05,332,14
260349,3,8,1338.09,182,12
583410,2,2,206.87,520,8
690385,0,2,1027.48,298,5
612723,1,10,711.72,234,3
238085,2,14,1071.2,376,5
735727,1,1,1879.39,493,4
528702,1,3,632.74,376,5
468669,3,19,413.46,354,12
227249,2,10,1515.8,688,9
439446,2,8,1072.65,123,9
928472,0,10,1033.16,190,12
529864,0,9,1798.13,229,12
551761,3,16,248.21,394,3
574469,3,1,721.13,468,9
466962,1,3,1691.32,505,7
212034,2,17,265.15,552,7
361935,0,16,991.26,240,11
881157,1,13,321.43,294,8
584496,3,5,417.98,418,8
956529,0,5,1741.42,650,14
333808,0,17,1522.55,587,7
116890,2,8,700.6,174,7
816791,2,4,1568.02,147,7
789300,1,12,1728.95,354,6
625329,2,4,1655.6,471,8
103518,1,18,314.17,494,17
392367,2,15,1381.26,434,11
738005,2,13,1137.59,372,7
398963,0,9,1251.82,365,12
353023,3,8,1823.58,497,10
449091,2,10,1245.36,704,5
377044,2,20,1335.82,188,6
319468,3,8,585.9,548,5
304107,3,19,319.1,225,7
402144,0,15,271.25,522,8
546699,2,20,1968.65,535,9
314585,0,18,1607.33,281,12
19668,1,12,1298.4,402,3
287315,2,8,1419.8,385,9
369946,3,12,689.82,522,12
165069,0,8,1175.48,488,5
725268,0,20,1738.21,712,9
290142,0,3,1187.65,171,10
999018,1,13,361.38,469,10
41866,3,3,737.0,453,9
596608,2,7,1307.21,348,11
192064,2,19,806.62,253,11
741410,1,15,568.11,424,13
842142,0,10,1617.0,241,8
536778,2,12,445.0,574,12
926884,0,2,1176.22,120,5
243459,0,2,1790.22,309,7
855454,1,16,1362.71,383,10
390809,3,20,1149.62,561,8
83717,3,2,912.9,234,7
244531,0,20,1234.7,490,6
745674,0,1,1838.87,522,7
867510,1,20,1651.36,370,7
280957,2,18,1411.67,259,7
945908,1,11,1364.51,394,6
603031,0,15,969.51,194,5
987355,1,1,904.76,149,10
758620,0,5,1831.09,164,11
910220,1,15,731.88,476,9
988411,1,6,942.14,546,8
749857,1,14,1981.09,607,18
722292,1,14,814.5,478,10
283776,3,14,1780.68,209,10
996843,3,1,764.57,119,7
428400,2,18,1480.38,471,8
627881,3,9,1845.26,196,11
142902,2,17,786.74,459,7
200521,2,5,1765.01,363,8
625283,0,20,491.07,155,7
547077,2,6,1287.78,386,4
361111,3,1,800.21,402,9
980380,0,19,442.13,273,7
108712,0,3,982.11,362,9
598368,3,1,990.53,160,10
382306,2,16,552.68,118,10
376431,3,20,1788.42,188,10
592396,0,6,411.27,370,7
730156,2,18,1322.85,133,17
385101,3,16,1114.11,331,11
414814,3,5,305.65,153,6
368044,0,11,1765.06,167,10
481302,3,7,1371.83,683,7
326796,3,2,1907.98,573,12
106555,0,20,617.71,547,9
410608,1,17,1619.95,162,13
360444,0,15,610.99,436,9
686278,2,11,1137.49,626,12
234933,2,14,1136.17,412,8
130954,0,8,1920.6,217,11
652139,1,19,936.66,132,8
660740,0,20,1783.53,501,10
787371,0,3,1704.43,686,17
407022,2,13,979.11,547,11
394025,2,6,1695.64,432,12
238579,0,15,311.21,538,7
35987,0,17,1358.51,464,7
639677,0,11,1871.46,558,11
154251,1,5,775.85,676,10
621459,3,2,1159.84,614,6
309098,3,8,1501.01,334,6
907183,2,8,1400.72,389,11
440337,1,15,584.69,614,4
112691,0,2,679.32,328,8
7186,0,2,1495.86,287,10
347450,1,1,1815.35,220,7
509332,3,16,650.17,530,12
148516,2,5,1830.61,654,9
826255,0,18,983.94,691,9
53631,1,18,1092.52,438,6
369619,1,19,847.76,213,10
587334,0,12,787.28,511,10
885507,1,12,1223.43,240,7
553038,3,6,573.38,393,8
139363,1,15,1472.23,646,13
966966,3,6,863.84,517,17
234962,3,18,569.23,130,5
2246,0,1,460.65,145,3
76708,0,20,659.52,701,10
638623,3,2,1154.94,457,4
262617,3,2,949.36,283,5
278727,1,1,309.43,576,10
317271,2,12,923.06,642,12
708661,1,6,1209.86,163,9
408102,0,12,1605.51,237,6
441000,3,16,315.86,645,8
788644,0,17,945.82,680,14
250593,0,11,585.35,635,11
635776,0,12,288.29,395,10
211437,1,10,202.43,346,7
207255,3,15,1268.29,567,11
428468,1,19,1815.79,171,8
905945,1,19,1245.73,210,8
426587,0,14,1691.92,527,13
853373,1,20,336.81,494,10
80555,0,8,301.34,460,12
367282,0,7,872.25,688,8
210271,0,15,1599.46,135,10
541588,1,7,1480.3,363,12
443182,0,9,581.43,368,12
248293,1,17,334.16,637,9
527137,0,17,1846.48,502,6
570165,3,8,1225.49,651,10
371366,0,16,691.29,403,7
59886,3,4,904.08,211,16
151739,3,1,1170.74,617,12
206769,3,5,504.83,412,7
365840,2,12,1956.57,431,7
83206,2,13,1902.9,602,8
377431,2,16,946.2,417,8
3787,2,17,1514.21,250,11
751303,0,11,1340.89,253,5
154167,1,17,1928.27,236,10
6864,1,12,1389.96,601,7
440555,1,18,1095.92,428,6
463489,3,6,1092.16,261,10
607110,2,14,344.08,470,9
687962,3,18,1012.5,241,14
765060,1,10,806.63,291,6
471074,3,4,1764.18,468,7
391559,0,19,387.57,560,10
463264,3,16,1337.18,346,10
847170,0,14,1400.1,309,11
529502,2,15,1340.99,408,6
634784,2,1,1385.46,470,11
798247,0,5,1156.54,546,8
881993,0,11,586.25,357,7
633900,3,16,206.54,337,4
637399,2,13,204.06,294,8
250388,3,9,556.81,373,10
349563,2,16,462.19,605,13
649749,1,5,918.69,255,18
132617,1,15,843.79,644,7
521802,3,18,874.93,571,5
545885,3,14,480.47,223,11
208164,2,4,1370.22,401,6
6749,0,9,1086.68,189,4
355326,3,2,367.12,225,8
724136,0,20,1575.46,332,8
13574,1,12,344.66,129,8
636641,1,20,1807.56,482,11
397135,0,10,466.33,684,8
745599,2,13,1721.61,536,10
761952,0,3,1623.48,632,11
62592,0,11,1413.4,295,16
970701,0,2,602.63,690,12
272048,0,18,505.66,244,7
149812,0,11,1785.8,476,6
611743,2,3,412.9,694,6
28426,2,20,1368.38,473,7
170702,3,20,1171.07,681,12
81284,3,14,1412.54,120,8
527348,3,6,1507.04,245,8
582630,1,16,1358.53,162,4
272505,2,15,1188.67,168,9
346706,2,3,900.98,341,13
716665,1,15,1928.0,380,6
908140,1,20,1125.33,671,3
382788,0,18,363.12,434,8
707096,0,2,1748.41,381,8
638222,2,15,1904.61,706,7
390449,3,1,1769.49,267,12
595099,2,1,502.79,697,11
121675,0,18,752.91,521,8
850565,2,17,1779.46,413,10
205436,1,14,1313.73,136,11
232354,1,6,1970.59,128,9
833561,1,18,1175.7,608,9
339864,1,10,1332.02,260,11
410335,2,12,1897.84,306,11
930945,0,18,1423.63,328,9
479960,2,1,456.16,592,8
117097,2,11,661.58,286,9
658588,2,8,1366.55,362,4
236335,1,19,1364.9,214,8
782515,2,13,1085.69,444,9
129271,1,18,812.22,256,10
748017,2,15,1657.96,227,10
743423,1,11,1077.88,311,11
426824,1,2,386.54,251,8
761366,1,4,1869.02,383,9
681334,2,9,713.25,697,8
88020,0,5,1433.81,375,10
167124,3,8,311.01,506,12
885164,3,6,1419.6,151,9
877090,0,4,770.0,239,9
285855,3,2,1944.43,690,6
553989,3,9,1188.0,278,11
406032,2,1,741.83,285,11
362536,1,9,1485.15,216,11
626591,1,19,482.19,148,10
685992,1,9,470.5,714,7
230470,0,15,1143.03,143,10
221116,0,18,508.84,657,8
469678,2,1,1076.85,705,8
449803,0,4,999.24,357,8
593400,3,18,1857.99,697,8
675581,1,4,711.83,477,9
88698,0,12,525.38,432,9
216756,3,3,1017.23,232,13
918398,0,14,1462.21,601,7
501619,3,2,1526.55,286,8
483920,2,6,1175.38,284,8
840367,0,19,384.21,381,8
696330,2,7,1153.17,334,6
669102,3,16,1043.26,127,13
841623,2,19,993.78,422,7
838796,1,7,790.59,314,7
309567,3,3,1957.67,582,6
41954,3,16,1449.84,622,10
578028,3,7,532.31,410,6
262984,3,6,1923.68,639,12
813317,1,1,1382.19,635,8
919273,1,14,725.66,564,11
85972,3,13,1420.97,193,9
154794,3,2,391.73,714,9
502489,3,17,707.15,245,15
701928,1,15,808.55,685,10
831630,2,9,1414.83,571,8
138728,2,16,274.21,313,7
480445,1,3,446.4,306,10
862020,2,3,1693.23,657,12
851838,2,19,1013.57,564,8
488313,3,14,1029.98,271,10
700626,3,15,1970.23,214,11
455704,1,18,1235.14,115,11
480016,2,16,757.56,574,8
103058,2,14,1902.78,238,6
605355,0,3,339.73,562,7
312609,3,18,1980.1,181,5
781242,0,20,1651.18,654,10
981853,1,17,722.69,424,5
307921,0,5,1465.59,611,8
807586,0,6,248.96,229,5
580825,0,19,1990.96,249,5
730139,2,20,567.65,147,11
425881,2,14,389.39,637,6
170699,0,2,1800.62,183,4
190033,2,8,1630.93,617,9
702025,1,11,678.05,427,16
240315,3,11,927.0,316,9
191949,0,16,763.23,336,12
125766,3,2,596.71,214,15
808731,3,19,385.02,610,11
872429,1,11,1808.3,634,4
667126,0,15,1060.18,160,17
267488,2,19,1143.97,710,9
647152,0,9,1435.78,561,8
558949,0,10,261.81,588,12
287396,2,16,545.22,463,6
799444,3,17,1095.13,591,9
513907,3,1,771.9,647,8
706490,1,4,1209.29,214,11
289627,0,10,1286.02,125,8
656769,2,11,490.48,570,9
466737,1,3,501.25,434,11
546948,0,8,212.33,530,8
189096,0,18,1243.18,248,6
968515,3,10,215.72,710,6
315863,2,9,461.87,133,4
487403,0,12,223.29,226,13
87377,2,2,1633.07,650,8
290313,1,4,1871.94,347,7
843683,0,3,540.83,126,10
271246,3,5,1670.28,290,9
263131,1,10,215.87,628,15
287796,3,1,1422.63,533,8
325976,2,9,1851.83,361,7
246460,3,16,1757.01,564,6
787564,3,15,1587.05,499,8
770279,2,17,1779.1,444,7
230718,0,18,592.51,518,13
598513,1,4,485.78,527,8
945784,3,10,591.55,523,4
779376,3,7,897.32,136,5
769142,3,14,877.65,636,4
711139,2,8,267.32,261,8
858006,3,4,1776.71,189,6
184817,2,15,379.8,334,11
546301,1,20,1922.71,707,17
396934,1,2,247.46,347,6
790556,1,8,355.17,404,9
947965,0,4,855.3,275,8
112691,1,11,374.96,322,10
401049,3,17,771.05,481,5
342749,0,13,285.81,386,10
665539,2,5,443.91,622,12
425210,3,3,708.22,146,10
513437,3,12,1895.04,351,9
451264,2,11,673.6,331,10
848392,2,20,336.21,485,8
858879,3,13,714.17,300,11
102918,0,17,1537.47,607,9
731803,2,7,519.46,227,5
744905,3,1,1947.79,677,11
486794,3,17,1898.12,398,14
23455,2,15,1129.76,440,10
268202,1,5,1299.25,240,10
289481,1,4,1894.32,403,8
690652,1,10,1390.84,206,9
583506,1,10,1437.54,641,10
339165,2,6,526.7,495,8
546325,1,10,1212.75,644,12
571163,1,7,1582.43,608,18
874424,0,6,1289.52,642,7
479748,3,2,230.19,364,8
468561,0,5,1115.7,238,8
187890,0,5,1871.81,683,11
375546,3,19,295.18,584,10
80875,3,1,1352.97,632,12
8262,3,17,577.75,147,9
472044,2,19,501.98,500,10
630243,3,1,1567.76,466,8
986269,2,8,732.53,634,10
418798,2,11,1621.1,430,10
103668,0,16,909.95,157,6
14378,2,6,1047.69,375,12
858622,3,6,984.13,536,14
589920,1,16,947.51,476,11
63954,2,14,674.3,396,6
728275,0,2,1896.89,394,9
563888,3,3,378.17,429,4
450245,3,11,1350.06,594,12
684458,0,5,861.55,131,5
59625,2,17,1400.31,326,11
520506,3,12,1291.92,157,10
526640,0,10,1017.63,321,7
684302,3,3,1188.16,190,10
519996,1,14,609.63,442,11
710095,1,9,541.33,313,8
251525,2,12,1739.04,491,8
88753,2,3,1874.34,193,5
150558,1,13,1466.9,474,6
266700,1,3,1283.1,388,4
626288,0,17,1906.92,299,13
920281,1,19,490.94,414,8
186830,2,2,1380.54,216,5
742368,1,9,706.67,707,12
289118,1,18,1079.81,402,11
264663,0,1,580.47,381,3
227013,1,10,1049.1,355,11
535677,3,3,1535.03,454,10
420892,0,6,1378.87,439,11
585239,2,1,1206.26,362,9
98338,1,7,1146.5,289,10
425857,3,18,1808.94,558,10
334921,3,17,1123.43,288,11
924868,2,16,393.28,333,6
930174,3,2,836.58,235,9
231644,1,13,1855.04,213,3
231895,1,8,801.83,533,11
840977,2,10,271.53,368,7
302449,3,20,644.85,422,6
894414,2,9,1976.52,562,8
287997,3,5,1535.01,140,7
414930,3,10,1316.09,666,16
286052,1,11,1459.23,423,12
192156,3,13,879.66,518,8
973101,1,20,467.12,421,11
891412,2,9,854.81,167,11
313960,0,5,1340.67,155,10
89328,0,2,1618.52,638,12
684483,3,18,1307.52,711,10
603224,0,7,1663.04,507,9
798755,3,11,1905.19,543,9
478377,1,10,792.85,317,10
92392,1,7,291.77,552,6
262684,1,11,1059.22,307,13
916112,1,14,698.12,128,6
245224,2,19,950.79,521,10
932798,1,11,486.51,354,12
638496,1,3,609.49,311,8
61886,3,16,1768.52,571,9
120950,1,7,662.99,459,8
759352,2,11,1954.12,416,11
702601,2,17,567.1,172,9
116341,0,14,1754.14,244,7
569153,0,15,1967.78,440,10
262577,2,6,1724.44,386,7
56676,1,18,1884.15,261,9
466303,2,12,1453.68,361,6
391552,2,17,1237.96,703,10
123704,2,10,770.71,320,12
567104,2,7,554.65,627,8
862253,1,9,1513.18,643,7
898529,1,1,1248.16,450,8
343097,3,15,1105.15,118,12
696091,0,18,1536.88,219,14
464706,0,2,1278.88,279,5
743842,0,8,1863.49,277,12
803498,0,3,820.6,362,10
105283,1,6,1957.35,599,12
276733,1,20,1628.56,249,9
186927,0,18,993.5,595,3
165438,1,3,305.85,565,7
160138,1,19,282.0,563,12
413954,3,9,518.17,373,8
890953,0,16,1903.09,606,5
87344,3,3,259.96,399,14
953623,1,2,1324.95,454,11
902770,2,19,1681.88,230,8
447206,1,2,1671.53,690,8
264052,1,11,937.26,442,5
29302,2,17,292.41,138,8
381178,0,6,1781.37,132,6
278627,1,1,1049.6,433,12
755104,1,12,239.2,156,13
894432,1,2,1638.08,586,9
505940,1,16,462.66,135,6
478537,0,12,1918.04,581,8
769023,1,7,1387.81,359,6
748222,0,9,1644.51,701,14
100051,2,7,1547.07,126,7
48081,3,18,836.6,628,11
829779,3,13,476.91,572,6
97395,0,5,862.68,542,11
390752,1,11,949.6,224,8
417724,0,10,1124.25,216,6
304595,0,14,633.41,205,8
711210,2,4,1863.17,627,8
505155,2,13,625.97,163,3
305120,1,17,1100.53,360,10
415274,1,14,448.81,418,8
965944,2,13,1607.4,457,8
499108,1,20,1310.74,175,7
434196,1,2,1285.79,118,12
770374,1,12,1512.98,379,9
37026,2,14,1537.05,459,10
177515,3,15,1160.55,350,13
172106,1,20,1423.56,648,12
227417,1,4,851.79,612,10
329409,1,2,640.41,125,5
603717,1,13,1124.52,502,10
273092,3,13,533.74,463,7
329948,1,7,425.04,131,7
81603,1,17,1763.46,448,8
542226,3,3,1053.33,712,11
776802,2,10,736.33,434,12
821987,2,15,1842.37,216,6
207296,2,2,601.98,589,15
374983,2,13,1548.76,277,8
652494,1,19,1602.11,202,12
358801,2,16,1074.21,647,11
843445,2,8,439.41,465,14
3946,1,19,935.68,572,6
346670,1,15,1352.21,438,7
716024,2,10,1270.38,450,8
361839,0,9,1089.92,369,4
88100,0,11,416.94,153,9
499199,1,17,1386.69,162,5
655005,0,19,1070.47,687,8
743825,1,18,1652.89,296,12
875201,1,8,505.03,410,8
370073,1,10,622.59,637,4
276564,0,5,216.98,343,7
190084,2,11,1018.2,584,9
626543,2,12,924.06,514,7
200144,3,5,1610.07,328,10
681898,3,10,714.21,646,7
423916,0,17,1395.84,276,16
809794,3,3,444.54,523,9
383972,3,11,1739.54,139,7
741984,2,9,919.12,482,4
760017,0,19,577.89,495,12
251735,1,18,1600.66,559,10
407983,0,18,218.41,228,8
895547,2,9,1856.86,430,10
80190,1,8,1923.29,477,10
202676,3,10,1573.91,642,8
493391,0,3,1995.09,456,8
521032,2,1,1786.85,391,9
13150,0,5,1323.32,588,10
80248,2,8,1636.24,383,6
238845,0,16,748.34,587,6
816410,2,6,624.4,378,14
393692,2,5,507.99,513,14
719292,1,2,1834.58,172,10
603176,3,15,294.04,695,10
493928,0,20,787.07,184,10
177431,1,5,1389.14,650,8
465150,2,13,1304.73,527,5
145664,0,10,842.66,204,7
419606,3,1,1921.19,345,8
99859,1,1,619.56,371,9
893610,2,6,1326.63,160,9
523577,1,1,1090.28,459,8
40488,1,8,1558.97,279,4
876143,3,10,1226.1,172,9
124819,3,8,559.99,368,9
191584,1,5,1882.69,684,10
438966,1,12,1006.24,421,11
363245,0,11,399.59,320,6
729388,0,19,928.13,579,6
257938,0,5,850.56,286,9
207211,2,4,405.49,516,13
195956,0,13,1794.46,376,10
182213,1,18,615.52,437,10
976259,1,10,1449.0,567,9
869099,2,11,201.56,469,11
267760,3,3,301.96,266,11
411956,0,13,652.0,286,11
975982,2,11,329.17,276,9
402853,0,16,1804.42,336,13
160994,1,19,1993.09,532,8
931347,1,1,1762.35,710,8
644361,2,12,1599.39,194,7
351799,3,5,231.41,468,10
84734,3,1,1680.47,432,11
863697,2,12,316.16,270,6
960708,1,9,280.45,344,6
337430,2,6,825.55,523,10
223700,1,19,1365.33,209,11
853795,2,10,909.0,469,8
876392,0,19,452.86,555,9
49861,3,15,1938.81,540,12
455503,3,9,1412.04,227,10
666,0,9,1493.48,639,9
474294,2,9,1160.21,343,10
606822,1,18,381.62,646,7
931414,0,4,1677.24,118,12
990395,0,20,1275.41,360,13
208007,3,15,917.84,136,12
900047,1,10,945.18,454,8
654240,1,9,863.3,179,9
294022,0,10,1680.98,451,9
669886,3,7,751.73,510,11
98666,0,12,569.16,244,10
740511,3,11,320.69,374,13
519759,0,19,1788.36,502,5
37920,3,13,1965.2,713,12
992332,1,14,1515.62,497,9
129888,1,1,1017.46,302,8
736698,3,6,1474.44,311,7
520564,2,6,816.6,216,10
118581,2,20,1122.83,402,7
334137,2,2,710.2,145,6
164675,0,1,1343.07,224,10
190188,0,2,1507.44,609,7
511482,3,3,869.19,513,11
456459,2,3,245.0,458,12
819570,1,2,1001.64,661,8
693570,1,4,594.87,461,17
328247,2,18,1530.18,678,12
40280,0,20,991.94,124,9
271286,2,13,1858.33,379,10
950220,0,12,1736.69,349,9
962834,2,20,877.0,280,3
460348,3,14,1205.76,553,12
291980,0,9,793.38,561,9
396198,2,3,929.72,218,8
215907,3,10,1499.16,469,18
30634,3,15,1044.86,246,6
638879,0,10,1170.57,299,11
950528,2,18,1776.12,604,15
606137,3,18,489.19,370,8
60405,3,12,913.91,123,8
702364,1,8,245.84,382,6
494573,3,4,1855.11,603,8
907188,1,14,343.23,488,6
448354,3,9,1392.05,679,6
50491,1,9,1765.46,555,8
705258,0,10,1121.27,693,11
739444,1,9,805.9,140,9
251772,2,18,1149.94,117,6
396358,2,9,236.96,419,8
843234,0,19,1524.23,210,17
910042,3,15,1654.66,143,7
149991,1,4,1596.98,249,10
593985,3,19,1980.66,393,12
1489,2,11,1086.3,318,12
542334,0,1,1215.61,236,11
183905,3,16,1238.72,180,10
764470,1,19,1190.95,512,8
185375,3,1,325.65,298,6
47849,0,11,664.87,388,12
856100,1,5,958.06,478,5
690956,1,13,285.02,346,7
464123,0,10,487.34,486,6
891289,2,12,1208.52,343,7
367210,2,8,567.13,488,8
107720,1,14,1390.08,367,12
769214,3,8,923.09,408,7
789598,2,19,1110.11,147,12
990270,3,20,546.25,626,12
643683,1,11,328.57,363,11
418461,2,5,477.1,119,5
789283,1,20,1923.64,708,10
851131,1,13,1085.52,332,6
723012,0,3,534.37,567,8
821014,1,13,1934.52,157,10
654544,1,8,1148.93,199,9
318476,0,13,515.07,295,8
971471,3,3,1519.51,558,8
296207,1,9,1312.28,710,7
913086,3,12,1883.93,700,11
816490,0,12,1830.13,464,16
999631,3,1,1031.07,548,8
65670,0,15,637.06,590,17
608018,0,6,1777.35,192,4
881409,1,12,1043.28,530,9
96313,1,14,1404.12,652,5
210807,2,15,323.12,704,18
578000,1,18,1096.12,692,11
703403,1,3,1910.25,200,6
219750,2,3,976.71,497,9
202068,2,3,1909.44,573,4
113744,2,17,309.79,610,5
23472,1,16,1626.23,162,4
572574,1,19,555.13,385,8
622176,2,9,1678.38,327,12
273531,1,12,682.32,537,11
710487,2,9,1713.65,253,9
366198,2,10,1797.89,244,8
530403,1,6,777.89,544,15
311501,3,2,812.35,220,12
696590,3,17,235.4,157,9
502565,0,13,435.47,676,12
818957,2,4,1371.03,554,16
645238,1,6,1590.11,385,17
713686,2,20,1518.83,419,5
920703,0,20,1350.67,368,14
685813,0,3,244.31,323,16
300794,3,12,453.24,475,8
404970,3,18,415.99,296,7
685858,2,6,377.36,561,12
525952,3,16,461.95,295,7
789057,1,12,793.98,435,8
156234,2,3,263.3,335,8
404979,1,12,1118.99,151,14
531091,1,8,746.88,339,16
671833,0,9,1636.27,387,8
408435,2,4,505.94,348,5
49880,1,1,1688.73,442,11
130770,3,1,293.54,197,16
311182,2,12,859.39,679,5
928068,1,2,570.88,554,4
224382,0,19,206.87,160,12
778819,2,19,1043.7,184,12
173000,2,2,797.92,400,5
55710,3,6,636.83,158,9
211320,1,13,852.39,615,8
328080,2,19,1782.35,586,9
683667,2,3,1208.69,170,11
459997,0,17,719.09,413,8
795903,1,8,1009.58,224,5
331326,0,19,1036.03,564,12
498701,1,20,937.11,666,6
918082,2,13,420.89,407,9
396282,0,10,1606.18,360,7
289050,1,8,1546.54,293,9
930913,3,7,1248.24,677,9
649341,0,16,747.55,119,7
223428,3,2,655.95,218,11
393814,1,1,1110.52,180,5
331633,0,5,294.44,200,11
773475,1,14,1419.7,466,8
261246,1,17,539.79,380,9
388744,3,1,942.49,339,10
86659,0,19,376.73,362,8
125919,1,6,1466.45,428,8
407353,2,9,368.71,578,12
454361,0,18,1505.74,596,3
255774,3,3,1977.36,361,6
325080,0,9,1844.07,338,9
401259,1,1,251.79,659,8
268118,0,13,1896.2,541,5
255938,2,4,271.5,680,7
400123,1,18,546.58,178,12
854880,1,17,917.45,387,10
171799,0,12,694.85,687,14
14967,0,7,1559.22,204,8
544363,0,15,1754.47,308,4
110402,3,16,1666.12,662,12
970382,0,4,500.75,169,6
693161,0,18,1476.0,250,14
119736,2,16,1515.01,205,17
963984,1,16,607.46,431,7
446112,0,17,1383.05,646,9
447354,0,1,533.72,188,5
296499,1,6,1672.37,632,9
611718,3,6,1247.37,607,12
350967,3,19,724.81,490,8
125429,1,9,1458.87,256,10
601242,1,16,1110.01,544,6
124227,1,8,1762.86,209,10
118987,3,5,1093.92,156,17
763550,2,4,462.17,626,6
94381,2,14,409.51,225,7
67286,2,16,745.1,394,12
984457,0,19,721.41,695,8
803941,1,7,1695.8,134,6
108922,3,5,1590.28,301,10
52692,3,7,1625.44,365,7
742412,2,7,1197.2,298,12
279065,3,10,963.44,321,12
432216,3,17,1678.84,475,8
243125,3,8,1498.83,237,10
321770,2,6,1539.15,700,11
153137,1,9,1193.05,484,6
636676,2,14,763.15,316,8
706203,1,19,1256.55,708,10
806093,3,15,446.56,357,9
391984,0,19,874.8,401,11
462353,3,18,1751.47,268,6
468910,3,3,434.62,621,12
314082,1,8,374.67,509,10
118790,1,8,351.08,262,10
57642,3,17,422.51,216,5
822374,2,2,654.95,513,17
407090,3,17,811.77,614,12
688117,1,4,1817.62,357,7
828437,1,14,969.68,258,6
300261,0,12,889.72,488,16
561730,1,1,1293.97,501,7
586174,2,20,1727.18,322,8
260252,3,15,1367.8,177,9
196025,1,7,404.11,427,11
538718,3,9,1264.67,582,8
390035,0,12,617.79,310,10
65460,2,6,506.63,484,6
957367,2,16,1830.26,427,7
467162,1,2,907.16,281,11
418404,3,7,513.2,237,10
797149,3,20,1259.49,257,10
439383,3,11,766.81,166,11
570349,1,18,1892.18,500,8
858549,3,18,805.43,600,13
996267,2,6,898.52,180,6
526523,2,20,1027.67,517,12
92581,3,10,1749.17,334,10
362822,3,5,1863.18,241,18
506102,1,17,1799.48,541,12
479673,1,1,769.19,521,7
407746,3,1,828.2,216,8
344843,3,16,1409.6,351,12
250202,1,2,1888.02,420,11
123186,2,11,1704.14,408,9
227379,3,10,1285.18,665,5
603962,0,14,802.09,334,10
741033,2,6,1666.01,698,9
809596,1,11,315.99,354,17
270793,1,4,510.76,576,8
353826,1,17,564.89,550,8
619381,2,1,376.48,439,4
464641,2,15,1226.88,200,5
255117,3,18,598.79,624,3
638631,2,1,1938.34,152,10
886183,2,6,1643.67,691,12
893621,0,9,553.29,213,9
776510,3,19,999.5,181,10
988334,2,16,1337.43,251,6
675854,1,8,690.19,466,6
155249,3,2,1186.59,425,9
880262,3,2,1686.86,167,12
36144,3,18,1872.09,307,10
47733,0,19,1550.84,165,5
15855,2,1,1965.46,245,5
945972,1,13,586.75,435,6
670607,3,10,1478.75,616,10
153679,2,20,477.19,546,9
759825,0,11,788.1,606,10
835800,0,18,517.73,136,9
463411,0,2,1577.27,550,8
838368,1,8,1166.83,351,10
139810,0,8,830.3,565,12
718072,1,6,1700.56,592,6
474877,3,6,1685.52,350,8
602979,0,5,1769.51,497,5
964252,3,9,1637.67,285,9
536746,1,2,1361.12,520,7
531962,0,6,541.59,491,6
986968,2,9,1736.28,271,9
525311,3,7,1463.73,487,10
910150,3,14,1968.85,588,11
642567,1,6,720.69,524,9
761787,3,8,638.6,546,14
583209,2,2,1144.9,475,10
699508,1,12,1427.91,421,10
663144,1,14,1364.82,341,9
424255,1,7,580.22,348,9
831272,1,7,1898.39,381,12
867234,0,8,1310.07,673,10
36309,3,14,415.01,537,12
528483,1,19,1051.3,335,11
942916,3,15,698.87,267,9
610584,3,15,856.01,467,10
506119,3,14,895.74,481,9
913898,1,3,1999.83,622,4
77875,1,4,1252.89,347,8
140024,1,11,1015.81,351,9
280153,3,1,797.28,690,12
324950,3,1,822.37,275,12
348054,1,4,790.78,685,17
69036,3,20,607.46,486,7
377043,1,14,1488.42,431,4
275327,2,11,334.01,523,6
607637,2,10,1387.23,128,8
35650,3,8,635.99,190,10
292276,0,14,1563.87,156,6
962095,3,4,1807.2,459,8
491018,3,5,1616.47,391,14
695228,3,6,934.37,527,17
97187,1,16,1312.22,427,7
205626,3,7,272.63,509,7
819988,1,8,382.07,203,8
210002,2,7,1295.96,423,8
51420,1,13,802.85,521,4
410844,0,15,213.69,696,8
285899,2,6,1583.56,193,9
399392,2,6,1557.45,333,12
932768,2,9,1763.76,658,9
980046,2,18,1756.08,150,11
875536,3,3,700.22,424,7
455609,0,9,495.2,346,8
299635,2,19,516.21,680,10
515548,3,12,227.18,198,10
691745,3,6,1653.1,694,7
637163,1,15,672.4,486,7
925122,2,5,247.73,607,7
603140,3,10,716.11,633,11
12673,2,16,1388.04,326,6
911359,3,13,749.95,178,8
539257,0,15,1828.12,158,10
609564,3,10,1747.91,155,11
176996,1,14,470.99,494,8
783266,1,7,1350.81,467,6
364241,0,7,528.12,616,12
938416,2,14,1343.69,651,11
197561,0,4,1407.92,593,6
823516,0,12,983.84,178,13
6891,3,9,1600.67,241,5
954583,2,8,1412.4,417,11
723520,2,16,1535.12,701,7
284684,2,10,1791.16,562,3
349157,3,4,323.92,135,6
399897,2,15,902.61,694,12
514698,3,13,778.44,701,13
58142,3,8,288.08,225,13
844591,2,1,1367.12,655,10
347212,0,6,602.09,701,3
690370,2,7,1328.35,367,8
998055,2,18,898.85,386,7
161156,2,5,1953.37,156,12
103710,0,20,1875.27,487,11
612480,2,1,351.38,637,9
987109,3,17,332.03,347,8
856856,0,12,1346.9,345,10
638420,1,18,1155.71,406,11
493628,0,11,1797.02,468,12
793361,3,1,1036.29,571,6
245873,2,1,664.85,521,11
160105,3,5,934.23,596,7
166001,1,5,1859.93,711,5
317235,0,5,774.65,650,7
871302,3,11,229.17,298,10
68994,2,19,1858.8,589,6
317201,2,1,1768.23,229,11
40161,1,5,843.98,675,9
886615,2,19,1603.14,334,6
232753,0,6,239.76,475,11
146326,0,10,205.49,673,10
863663,1,10,1710.75,494,5
976912,1,15,469.03,164,10
917590,3,1,583.12,210,12
940482,2,1,938.29,133,4
733321,3,17,650.89,346,5
91065,2,9,842.83,155,18
807661,0,1,330.17,354,13
850794,1,15,501.27,322,9
615240,3,16,266.6,587,7
717396,1,17,1597.83,384,3
795752,3,11,1243.23,521,13
348234,0,10,1753.38,595,9
342395,1,9,1284.68,228,3
866334,2,3,853.44,635,7
311683,3,10,765.4,319,4
719362,3,8,527.59,619,12
441105,2,2,1737.1,358,6
869884,2,20,203.28,413,4
568324,3,16,769.13,514,4
763603,1,9,1838.56,170,12
173328,3,19,1097.48,468,10
108582,2,19,1433.53,437,6
554594,0,17,1770.94,242,10
597322,3,19,896.82,481,9
572351,2,3,623.26,714,12
317869,1,10,1574.34,140,7
126465,1,14,1580.62,243,9
466894,1,14,940.85,283,10
419857,1,14,679.5,369,6
635527,0,6,484.51,490,10
198685,2,5,941.9,356,7
154452,2,4,1599.19,524,4
745281,0,17,496.59,382,11
473540,3,8,748.43,557,11
785077,0,19,1483.65,351,10
865499,2,12,1420.99,597,12
501272,3,12,1972.81,240,7
757778,0,4,380.49,151,11
893254,0,17,1617.63,680,10
460303,0,2,978.88,613,10
363237,3,9,449.79,322,8
293062,3,1,1892.51,592,9
943453,2,12,538.66,573,10
760525,0,8,590.36,116,14
652094,2,10,403.61,495,14
902417,1,15,615.8,501,9
833041,2,6,995.42,487,3
457942,2,18,1045.53,130,10
973977,2,12,324.58,182,13
33590,2,15,1147.01,569,17
813010,1,3,765.19,206,6
185824,2,13,1201.0,138,7
796020,0,20,1812.27,160,9
952694,0,9,845.85,285,12
626620,1,18,980.16,587,9
319915,2,1,1768.04,465,7
82581,2,3,1137.83,682,10
877253,0,12,1802.63,434,8
14359,2,8,1303.37,560,9
789995,3,10,1898.18,330,11
880263,3,3,362.45,229,8
856383,1,9,1683.71,326,6
926172,0,17,1445.33,555,8
887933,2,2,672.87,557,12
400684,1,15,915.53,336,8
412928,2,17,444.89,554,8
317047,0,16,1139.56,696,9
638908,2,17,1659.88,157,5
850470,3,8,884.0,317,11
221493,2,1,1296.69,398,7
917035,1,4,1838.77,611,6
16828,3,6,245.16,274,10
418024,1,6,854.68,689,7
767176,3,19,828.14,475,12
720320,1,6,1966.02,141,13
902052,2,20,1460.76,581,4
632904,0,16,376.5,577,9
339705,0,15,1681.39,149,11
109591,3,16,282.58,152,11
208439,1,4,718.4,363,8
22174,3,4,1408.03,248,4
573755,1,4,495.67,207,6
372814,1,15,252.26,305,6
85316,2,19,1193.57,146,10
503282,3,20,564.73,268,11
731095,2,9,1190.21,657,8
666762,3,18,1230.75,323,7
317779,0,17,454.3,624,11
437954,1,10,1085.49,711,10
82827,3,10,555.97,471,11
656521,2,13,1518.23,495,8
861467,3,8,525.9,237,5
72586,3,5,1953.24,253,7
370025,1,12,1775.89,713,7
774395,0,20,1893.83,125,9
767461,3,14,1276.88,708,4
845884,1,12,1727.41,472,9
288478,1,13,1172.32,270,4
236937,0,13,1816.18,568,7
891343,2,15,1976.98,469,11
775942,3,14,776.52,534,4
392999,1,1,377.07,365,10
593073,1,18,1148.4,275,9
181712,1,16,1297.47,596,10
483994,0,2,502.96,117,10
156998,2,3,957.94,264,6
695663,1,20,1180.95,691,8
702467,2,15,246.73,392,7
413547,3,11,745.22,171,12
474552,0,6,935.8,425,4
107629,0,7,1958.97,659,7
491822,3,17,1208.04,306,6
437649,3,15,1810.28,487,10
245058,2,16,927.07,265,10
715292,3,3,1238.37,292,6
320465,1,6,1795.72,412,10
449419,1,20,459.1,344,11
594349,1,8,664.22,209,9
756155,0,16,941.51,684,6
229457,1,8,1065.84,196,6
766641,1,10,1097.35,684,7
737567,3,14,1723.2,206,8
789273,1,19,436.35,133,9
169958,3,17,585.08,232,8
841396,2,19,447.55,575,6
332324,3,1,438.19,218,5
95444,2,10,324.92,259,10
573140,1,5,1391.13,163,6
158515,0,1,1888.83,505,10
103202,0,19,468.79,426,12
645810,1,18,1164.81,321,10
397881,3,6,1515.17,361,9
205466,0,1,222.89,661,12
297641,1,13,722.45,263,14
876401,0,14,976.81,507,13
114641,1,20,218.78,561,11
414399,1,16,713.26,248,4
413955,2,12,1255.44,606,9
537361,1,2,1446.34,568,14
9157,0,13,1806.01,526,8
284389,3,17,1530.19,285,9
934156,0,3,587.28,330,7
941934,2,20,1782.84,304,8
44806,1,13,1881.19,235,8
659205,2,7,1170.84,244,17
728463,3,15,223.11,418,6
204587,0,6,1681.52,556,5
52603,2,1,1034.23,676,7
645358,2,15,989.8,241,9
515734,3,10,1239.42,571,10
395170,3,13,1565.67,577,9
454533,2,3,994.81,342,8
284974,3,10,225.69,708,17
912652,0,15,233.12,417,12
401933,1,6,1729.83,192,11
14789,2,16,1040.97,206,7
478462,1,20,504.15,663,5
860603,0,10,678.96,470,6
281610,1,11,862.23,149,8
19178,1,5,1732.02,471,9
383021,1,11,739.47,432,17
858342,0,3,872.57,339,6
356407,1,7,744.0,702,10
356268,3,17,436.74,353,9
518798,2,8,640.54,661,11
349867,3,2,588.65,203,6
595797,2,17,245.86,380,8
153808,2,15,976.36,666,6
912071,1,16,1857.65,505,5
100658,1,14,1670.47,713,10
666065,1,4,1509.41,231,8
523338,0,9,555.67,258,11
16283,2,14,317.83,483,9
531804,2,2,680.11,184,6
298856,0,1,1663.58,318,9
941949,0,9,1191.93,594,11
914570,3,8,476.34,636,12
891346,3,10,337.07,181,8
836682,0,7,1341.67,285,9
410022,3,13,802.79,603,6
979887,3,17,682.78,559,10
70737,3,20,719.77,359,4
212082,2,4,1826.72,493,3
634446,1,5,399.54,345,9
744492,1,7,1068.47,508,8
699030,0,18,840.15,298,4
207302,0,15,1208.09,214,8
850210,3,4,1614.57,324,12
189621,1,5,1861.73,566,9
834868,0,8,1275.97,578,10
558798,2,10,1174.55,153,11
557458,1,1,796.49,126,10
46262,2,2,1418.51,268,7
894540,3,6,1385.2,564,9
330665,2,10,1843.51,143,10
967382,3,18,654.76,525,6
171941,3,13,358.51,124,18
551325,1,3,1508.8,668,5
156078,2,17,304.51,671,12
615732,3,10,516.19,400,8
825269,2,10,340.46,623,5
694027,1,18,1696.98,636,6
600850,0,5,1155.87,263,14
201602,1,18,752.78,456,7
587079,3,4,1053.7,672,12
787740,2,13,1808.6,122,8
128202,0,20,1281.15,452,7
479606,3,5,1064.61,632,10
899027,2,2,793.86,440,13
431789,2,15,1689.46,681,10
264083,2,19,921.51,231,9
643529,1,4,1215.48,687,8
796944,0,16,1556.07,221,10
831378,3,10,1030.12,559,12
624598,2,3,1757.64,306,11
164050,0,17,908.68,559,5
674980,3,5,1149.5,297,3
579100,2,17,1177.34,141,11
58300,3,5,1164.14,179,12
372198,3,8,1675.04,338,5
72489,0,10,1326.02,373,12
798154,1,3,280.77,414,11
8953,3,9,1566.49,249,10
741828,2,5,1602.35,384,11
726872,3,10,469.41,387,12
394614,3,18,292.92,465,8
247247,3,1,1764.07,305,4
441097,2,6,1956.03,520,8
903499,1,16,922.29,387,12
146074,0,9,1343.53,693,7
442492,0,20,1684.84,576,8
230324,2,6,1257.71,556,12
20322,1,9,225.87,186,17
558701,1,19,227.1,245,8
706845,2,11,1029.69,509,6
253065,0,20,1565.31,455,8
323849,0,7,1241.73,322,5
119441,1,18,875.32,262,14
685609,3,15,1261.08,702,10
687731,0,16,762.73,504,8
516534,0,5,596.54,265,9
417102,3,1,1709.96,456,10
390560,2,16,705.47,326,12
651071,3,11,679.0,579,6
722749,1,1,913.11,287,5
96858,1,2,1910.55,710,7
829855,3,5,203.05,665,6
351248,3,4,1209.16,257,12
866515,1,5,1289.29,361,8
575946,2,2,765.18,522,7
469217,2,14,1127.8,461,6
407239,3,13,1329.47,543,6
836825,3,16,212.35,636,11
387529,2,14,1150.73,659,9
190336,3,11,1800.81,159,8
25486,3,20,988.63,353,7
340166,2,11,524.5,713,10
306374,1,11,1197.58,489,16
760332,1,10,1963.99,170,11
812273,2,12,1726.51,348,6
487693,3,8,982.05,249,12
99406,1,8,336.36,448,6
851715,2,18,1746.8,276,5
572919,0,6,898.76,211,9
972354,3,16,1201.21,588,11
377289,2,3,205.59,631,11
99625,1,12,1112.03,159,9
427888,3,8,1559.18,455,14
108567,1,2,1894.4,287,9
653569,1,6,1144.61,708,9
169345,3,14,1662.37,448,14
324202,2,8,1485.09,336,10
437180,3,20,363.61,534,9
88516,0,2,301.73,487,6
445878,0,7,780.2,164,11
153207,0,16,997.43,331,9
998032,1,7,536.98,594,10
230835,1,16,1390.49,525,8
160165,3,17,1734.36,300,6
47308,2,6,726.67,640,12
847001,0,5,728.54,356,9
796497,2,4,418.15,602,12
632750,3,1,1030.06,173,16
915410,1,7,1090.31,525,4
409487,0,18,852.27,301,10
965143,3,14,1487.94,210,8
447280,2,4,690.13,439,8
458894,2,18,1491.21,584,15
678835,3,14,1511.43,486,12
666332,1,19,1766.61,339,9
264344,3,10,665.46,457,11
525644,0,7,1712.14,560,12
270678,1,16,430.08,122,10
105428,1,12,871.39,473,10
207496,2,18,307.65,434,7
31357,3,18,1149.91,247,6
740540,1,19,859.59,269,9
786498,2,14,361.29,473,7
143574,0,10,1898.27,377,11
943812,2,6,1524.68,286,10
411662,2,3,1099.62,288,10
585408,2,11,353.97,624,6
791176,3,14,406.21,128,11
573808,3,8,1401.79,347,12
396599,2,18,1120.64,335,3
803574,3,7,255.73,531,12
202458,2,20,733.3,544,12
238657,0,1,475.19,569,12
313936,3,12,1551.29,545,10
236035,3,9,578.21,700,3
12225,2,18,1202.35,247,9
37529,3,14,393.06,439,5
920798,3,3,490.69,328,10
266618,1,17,939.35,704,6
585704,3,11,1879.31,695,8
173317,2,14,1516.13,130,7
818142,2,8,1154.09,400,8
487548,0,4,1623.47,629,9
745064,0,12,627.69,485,8
592310,3,1,1142.91,665,9
274378,1,13,646.92,293,6
538003,0,15,1603.16,687,8
717111,2,6,1695.68,440,12
599799,1,12,519.73,307,7
468224,1,2,1758.3,270,13
130415,1,18,1509.24,217,6
919813,1,13,785.19,360,14
429696,0,19,1628.45,378,7
378247,0,3,1607.05,353,12
877365,0,6,547.78,353,12
497779,0,13,1536.01,426,9
966465,1,4,719.47,118,3
99296,2,14,710.18,227,6
976412,2,2,1391.12,210,14
697253,2,6,899.69,513,8
105468,2,6,1805.76,247,10
602923,3,4,1897.16,292,9
19974,3,3,949.01,353,9
713632,3,16,525.07,531,8
281457,3,19,1230.62,515,6
679096,3,7,1570.95,602,7
628916,0,19,1796.24,632,17
730715,2,19,750.81,207,8
488900,1,10,332.4,434,12
537237,3,12,1886.44,165,12
853732,0,18,835.09,514,10
664697,3,10,1339.52,352,10
680825,2,5,1637.85,382,9
698003,1,20,1164.38,453,8
826966,3,14,1237.8,427,10
170772,3,1,1585.03,163,9
787767,2,9,1525.85,339,17
411235,2,4,1062.39,194,12
826123,1,15,875.32,521,10
781987,1,8,1957.21,257,12
82019,0,5,241.81,647,8
758,3,17,1205.49,345,12
202775,1,18,697.13,174,8
316077,1,18,1504.96,466,8
585542,0,10,543.84,144,11
249528,3,4,1374.71,687,10
897757,2,4,294.2,509,9
31549,3,8,1250.37,673,7
430592,3,11,1658.1,410,10
576389,3,10,1251.78,693,8
731038,3,7,1931.1,205,9
167549,1,11,506.68,509,14
869550,2,11,1915.27,192,10
949389,1,19,1497.71,330,9
962036,0,4,1601.81,229,7
476326,2,4,1863.05,132,8
952634,3,5,1844.33,248,17
313467,3,6,229.76,117,4
214451,3,1,1152.95,567,8
179510,0,13,1787.2,303,15
555117,3,20,1750.74,690,6
737341,2,3,1086.89,115,5
977594,0,11,623.23,477,8
336427,1,17,276.09,151,7
677618,1,1,738.13,166,10
553703,3,10,1735.57,314,5
340363,0,4,1134.64,389,10
394842,0,2,1720.18,545,9
203524,3,6,1440.06,119,8
113196,1,19,1894.61,372,17
421244,3,17,1315.38,338,7
229594,3,7,1994.7,673,9
131278,0,19,1984.5,563,9
992566,3,8,1375.29,613,11
22342,1,15,422.31,366,12
576267,1,19,1415.88,399,11
300054,2,2,1435.66,311,11
92916,3,16,1022.99,474,18
989634,3,4,438.31,535,10
751611,2,12,1550.37,123,6
524267,1,6,291.96,522,11
778786,2,1,336.26,282,7
543627,0,12,1065.72,328,8
542991,1,14,1520.12,653,10
796425,0,20,745.4,316,9
550671,1,12,1474.41,469,11
277971,1,5,362.53,263,17
41927,3,10,731.97,648,14
260718,2,9,855.24,267,4
89095,2,10,429.04,342,11
757376,1,15,541.94,513,10
867805,1,15,550.41,402,11
745005,1,19,737.08,562,7
647372,0,2,1574.01,674,6
874947,1,5,279.89,215,7
692517,0,20,637.35,576,7
244403,0,3,1862.3,160,3
609861,1,7,1060.59,171,7
541139,1,16,1451.81,218,5
311644,0,9,807.66,139,9
477588,2,1,301.12,268,16
481131,3,1,208.09,303,12
696982,2,11,704.14,212,5
484917,0,14,304.06,276,6
743207,3,6,1887.52,462,17
72237,3,6,1748.52,291,10
579158,1,7,1852.77,655,4
607949,2,13,1135.26,149,7
850740,0,7,453.17,550,11
852789,2,19,1484.9,491,5
288459,2,5,273.38,430,5
824264,0,13,1311.81,595,10
67085,3,5,752.87,527,7
488450,3,11,266.65,460,8
153911,2,14,1907.68,630,9
112162,0,19,466.48,268,11
675974,3,11,498.21,311,6
936998,2,6,1022.98,507,9
124809,2,12,1479.93,251,12
618561,0,2,1055.17,531,16
74399,1,11,1326.65,299,5
598993,2,11,718.1,201,10
484481,3,5,664.01,171,5
487872,1,2,331.1,490,7
244426,3,18,1941.44,203,7
664694,0,13,1630.44,407,5
164307,2,15,1299.49,276,6
342729,2,20,1238.26,478,7
998849,2,2,870.19,409,7
994735,3,12,749.66,573,5
818200,2,6,413.3,311,13
937863,0,12,1569.19,440,6
633882,0,18,482.2,180,8
107053,2,2,950.88,650,3
305457,2,17,1873.34,176,9
381931,0,10,566.42,347,5
489551,2,6,992.26,441,16
826795,3,11,1638.66,560,11
108657,3,7,1268.54,126,6
32438,3,18,876.56,542,12
265134,3,17,1231.67,488,8
401130,1,18,1988.77,334,11
584545,0,14,536.02,270,8
665407,0,18,783.69,594,7
549114,1,1,210.18,628,9
524266,3,20,1745.12,406,8
536115,3,10,1315.84,415,10
939391,2,11,1402.36,339,17
691326,3,11,1889.95,274,10
847572,3,14,1181.71,686,6
282157,3,6,495.41,389,10
518443,3,19,1222.25,466,8
94769,3,15,1278.59,290,7
118585,1,13,1966.44,692,4
351341,0,10,1569.86,572,6
359510,0,3,392.37,702,8
543068,0,2,847.93,299,12
883836,0,11,1769.15,480,8
670567,2,13,448.52,410,9
744458,0,11,1663.53,455,8
516962,0,17,1055.6,620,6
389792,0,13,1935.31,644,8
767391,3,16,422.74,679,7
187348,0,12,1321.76,507,7
763240,0,11,963.35,638,8
292989,1,4,821.83,329,7
611142,0,1,796.97,602,6
59218,2,20,223.79,499,9
246691,1,11,407.03,675,4
859748,2,19,1974.33,428,5
308708,3,2,1901.32,340,7
836547,0,10,1261.35,579,11
352126,0,11,1351.67,153,9
345635,1,19,1703.16,215,3
770230,2,6,617.22,375,6
42216,3,10,900.07,448,6
758004,0,9,331.15,302,5
793140,2,14,1673.74,436,7
694263,3,13,992.9,138,8
524929,0,5,724.63,440,9
688637,1,10,1133.1,401,12
538657,0,16,739.14,676,10
246851,2,17,307.03,283,5
177718,1,16,753.81,710,12
804911,2,16,1403.68,230,5
305319,1,19,1893.6,360,13
625562,0,2,1698.87,523,8
536170,3,18,952.61,535,7
977804,2,8,952.96,692,11
569461,1,2,1863.55,604,10
361030,3,11,728.65,570,8
33088,1,16,866.2,200,12
603400,1,7,1224.69,561,10
992012,2,7,968.93,362,9
249442,0,7,1811.32,622,8
977602,1,20,908.28,578,8
639717,1,9,601.15,549,7
759217,2,16,1380.2,208,9
470494,1,19,1042.05,284,7
813277,1,10,1786.5,273,11
373380,2,9,1312.8,128,16
367446,0,2,269.4,648,9
494838,3,12,1754.04,198,9
833987,1,5,1932.51,401,10
354549,1,13,1632.23,574,9
700999,1,7,560.14,549,6
817262,0,5,557.19,284,8
978091,3,19,1278.01,463,8
469757,2,11,1212.04,147,7
950386,1,13,1659.73,348,12
707169,0,12,308.29,641,7
720144,2,1,1375.17,664,6
343492,2,18,289.7,629,14
61391,0,5,1279.72,133,8
144438,3,18,1025.67,216,7
410832,1,3,721.04,594,7
321850,0,12,1614.04,124,7
293389,0,4,1021.23,447,7
216353,2,10,409.49,505,7
691869,3,15,1832.58,593,8
857535,3,8,1615.2,261,6
590658,2,20,1475.82,668,7
591291,1,10,1786.91,175,5
602258,2,8,1298.79,517,12
684269,3,7,794.76,505,10
838512,1,8,356.62,295,9
75343,1,9,1782.4,167,12
814266,0,2,1393.2,556,12
755202,3,6,1410.59,506,11
784029,0,9,1659.56,148,8
161282,2,5,1466.13,483,5
460118,0,20,283.63,245,11
163439,3,11,1520.09,426,7
574868,2,5,650.6,541,7
829480,2,12,1712.29,536,9
907571,2,19,1790.43,617,9
612763,1,14,829.36,336,8
358841,0,12,1844.21,593,12
28876,1,19,926.68,686,5
186946,0,10,544.71,388,14
626892,1,16,1249.15,397,16
870715,1,18,1995.37,183,10
629342,0,20,1805.77,453,9
583025,3,5,516.9,321,7
846443,2,16,1096.83,713,6
851454,3,17,1399.67,604,7
511481,0,16,442.16,177,5
25613,0,10,1601.86,148,7
895444,3,17,856.95,238,18
653024,0,13,1879.61,333,10
622019,2,20,1237.57,550,8
237601,0,19,622.08,237,14
756186,2,2,1474.27,249,8
321001,3,11,1408.42,389,14
284807,2,11,1898.72,321,6
297685,3,3,1600.68,357,6
330178,2,5,211.3,248,15
133041,2,13,506.28,414,11
597677,3,10,614.48,179,6
248694,3,9,1141.68,141,11
547754,0,1,1050.74,473,8
966637,1,11,1681.91,220,8
557915,2,4,840.89,215,6
123910,3,17,1608.81,382,4
91752,3,10,824.31,388,5
86601,0,1,301.21,235,9
320804,2,20,1429.12,448,12
409142,0,4,1518.25,313,18
97442,1,12,1998.49,532,13
900627,3,10,934.08,466,6
529202,2,8,1540.25,204,10
620579,0,13,1118.75,353,8
753100,2,1,499.85,242,9
981634,0,5,1535.47,554,6
632688,3,16,527.03,145,11
133683,1,20,1655.49,240,10
960333,1,18,783.47,328,7
78491,1,10,282.63,147,6
957395,1,2,1008.14,340,11
363775,3,4,1743.87,127,11
800996,0,20,1475.52,602,7
693390,0,5,815.01,245,9
50816,1,14,1799.47,122,11
724988,0,3,870.68,204,9
100457,2,14,215.16,520,6
691199,1,6,1653.39,688,9
893977,2,20,999.04,235,16
206065,2,14,757.15,577,12
292847,2,2,958.17,665,9
856412,3,2,300.79,421,8
408735,1,16,504.76,371,10
850478,3,11,1637.7,197,4
524369,2,10,1964.72,197,9
661415,1,6,551.0,205,5
227726,3,7,1409.32,469,10
584566,2,14,581.57,342,7
79025,2,1,941.76,423,8
929796,1,7,1691.37,185,8
452880,1,4,1515.8,577,7
685797,2,13,1767.81,139,10
260071,0,20,1896.27,581,11
660842,0,4,739.04,123,6
948603,3,13,532.9,251,7
864006,3,3,514.06,169,7
580131,1,4,1121.27,671,11
307601,2,3,1053.52,136,6
276056,1,19,1393.14,421,12
175880,3,13,262.6,458,10
937178,2,20,664.17,484,5
730723,0,6,1202.51,558,8
276311,3,19,1526.04,622,12
87603,0,2,369.75,400,9
118940,1,15,240.17,451,10
915923,3,14,1095.58,635,10
226571,0,17,1583.52,354,10
517187,0,20,1449.1,512,18
868483,1,17,653.57,279,8
918327,1,6,515.69,648,8
317769,3,19,327.58,627,8
961518,0,1,1272.95,697,14
46985,1,2,1637.32,547,11
882141,3,13,791.67,711,9
408800,2,20,1027.41,416,10
594217,0,12,1377.27,622,7
611999,2,5,614.1,691,8
945135,3,13,1595.6,287,11
908599,0,9,1353.93,639,16
819317,1,10,924.9,294,7
27074,2,18,1667.94,270,4
627586,3,3,330.22,274,1
920849,2,9,338.62,538,9
194966,2,1,1766.24,180,12
478461,3,9,1525.43,545,12
643300,1,16,1812.15,575,8
955878,0,17,762.82,485,12
1281,2,6,887.04,249,12
584733,1,4,1819.01,413,18
506488,0,12,1924.53,299,14
61375,1,7,1785.47,655,10
468885,2,6,1084.14,483,9
419317,1,9,1726.44,425,7
771132,2,3,1743.81,402,18
89227,2,19,1179.28,596,4
332156,2,19,1297.04,124,12
890545,1,6,1255.9,323,5
785737,2,15,1764.25,612,5
853871,1,15,885.48,531,9
983869,3,16,1855.7,594,7
361355,0,17,1220.76,342,9
407375,0,10,1753.39,120,5
509489,0,16,356.96,596,9
566155,0,12,799.11,226,5
980372,2,8,903.37,315,5
537609,1,5,551.29,292,4
227395,3,18,398.91,317,9
37268,3,9,1677.91,696,8
149001,2,1,1713.94,140,10
159869,1,12,1751.77,688,11
553914,3,8,1975.21,387,16
187467,1,12,853.49,671,10
683470,3,14,1612.31,640,9
693916,2,13,1865.94,351,7
542949,3,18,701.13,441,10
554021,1,19,1882.45,285,8
344807,1,13,1874.42,360,14
326010,1,17,387.14,373,10
51637,1,1,581.78,358,8
224637,1,3,1390.06,330,3
913157,1,19,680.28,446,6
881065,1,4,1346.03,527,6
739018,2,18,888.43,156,14
188765,2,1,402.74,511,8
711088,2,16,510.62,197,10
891610,2,9,1210.36,564,18
322889,2,3,1515.02,523,11
419201,3,16,1361.94,149,8
192232,0,7,1664.82,161,16
277814,2,19,854.26,694,8
193503,1,5,1337.11,339,12
562508,0,1,589.31,279,8
733851,3,5,1340.79,188,9
231756,2,11,1295.42,249,5
223908,0,13,1326.66,311,7
826520,1,19,1283.05,511,8
447524,2,14,1034.45,464,10
230889,0,4,873.53,631,8
907316,2,15,1304.24,707,6
928642,2,16,1273.07,460,11
51896,2,8,1438.75,193,11
841899,0,13,1503.93,204,3
552859,3,4,1706.89,199,7
64983,2,4,1202.89,219,10
383439,1,19,1488.68,276,8
963652,2,11,1787.82,414,8
734650,3,5,1971.67,376,10
498623,3,13,1624.06,145,7
51633,1,12,772.64,480,12
182024,2,1,865.72,416,6
476814,1,17,1240.91,454,9
880031,3,4,234.63,563,10
798846,1,1,696.29,690,11
546100,0,9,882.89,174,5
416519,3,8,863.9,138,10
875966,3,10,1507.28,255,10
989821,0,17,1752.91,294,6
639737,0,5,505.34,351,8
140071,0,15,1495.87,485,11
144309,0,17,1482.59,378,14
181111,2,12,1245.07,386,11
556077,2,3,689.11,247,7
278297,3,13,1094.35,259,7
320760,1,16,1812.66,560,13
119724,3,6,998.95,129,10
973220,2,3,1468.98,602,8
368568,2,3,1952.17,464,5
921070,1,10,1962.92,553,10
679019,1,15,1834.19,300,13
234734,3,13,464.33,348,11
721290,3,17,1560.64,604,8
677659,2,20,1923.39,644,7
840019,2,6,1446.09,353,10
187126,2,6,1765.93,388,11
115807,0,15,1561.12,519,9
368597,0,11,1868.71,133,7
600152,1,14,1440.46,651,6
736234,2,18,608.27,409,8
314322,2,16,1168.22,485,6
402619,0,18,1491.65,410,10
816353,0,4,1298.64,383,8
368657,2,20,353.22,507,8
630561,0,13,1220.9,704,11
286455,0,20,1969.45,445,9
767957,1,17,225.6,483,12
270937,3,12,603.0,348,11
503518,3,11,389.36,389,6
277120,3,18,1086.42,527,11
785466,0,10,996.94,211,8
250315,0,15,355.81,664,9
247144,3,14,873.22,536,11
426661,3,10,311.25,623,11
740506,2,19,205.79,582,12
337198,2,5,608.34,574,14
309093,3,11,404.6,703,5
841456,1,4,1925.08,535,13
841574,3,4,938.8,319,6
680194,3,19,483.76,513,6
878564,2,4,391.22,669,9
121929,2,8,723.86,398,11
158018,3,8,1118.55,502,8
492281,3,6,1470.93,165,9
350815,0,12,1906.46,652,7
775702,2,6,1999.64,711,6
958921,3,10,1509.04,396,12
757007,2,10,961.81,414,6
856982,0,9,1832.51,210,7
776819,2,19,1652.35,541,8
229431,3,14,1964.18,177,6
645655,1,6,894.79,319,7
426543,2,11,1889.81,538,7
717476,0,17,509.95,204,11
218441,1,1,963.43,431,9
898935,3,14,1058.02,665,10
120070,0,4,1878.39,244,10
457035,0,3,1552.42,326,11
225890,3,14,509.41,653,7
444579,0,4,817.25,448,6
955200,2,20,1241.57,415,12
701319,1,10,1810.06,134,9
759756,2,5,680.48,543,12
167479,0,10,476.03,178,5
472226,0,2,1428.68,342,11
596688,3,14,474.26,413,16
578313,0,10,1000.27,134,13
132415,1,7,1712.59,494,9
861394,1,18,1474.77,223,10
589333,1,14,1230.38,169,9
217110,1,2,813.0,459,8
578739,3,15,1205.96,337,10
758751,1,16,1681.18,480,9
360468,2,3,1470.2,639,17
598689,1,15,1952.01,383,11
14994,1,16,417.3,497,11
996221,3,9,1235.13,614,8
196294,0,11,1742.23,466,12
916972,0,7,582.01,615,8
285240,3,9,1823.25,397,9
134704,3,18,1830.92,469,9
346553,1,18,649.19,147,11
719965,2,8,761.17,287,9
279112,0,20,1785.99,142,7
778285,1,10,1915.85,384,8
925948,3,14,315.31,496,17
952930,2,4,1992.05,714,12
404379,0,2,497.56,713,8
306054,2,12,421.21,700,6
703311,0,14,1239.32,187,11
754911,1,14,1913.71,379,9
928742,1,6,755.84,546,11
573783,3,6,1354.97,160,9
687107,2,19,995.55,278,13
722930,3,5,492.0,591,7
966869,0,14,691.64,692,5
458924,0,2,1425.64,649,10
336281,2,17,879.54,129,7
153951,0,11,1231.91,274,8
888357,3,2,1599.26,478,8
28548,0,7,1580.04,274,13
929834,2,11,1018.05,136,7
743452,3,6,1970.15,584,10
54821,1,19,1678.4,608,6
668122,3,6,1313.89,247,6
216145,0,3,1963.77,661,6
783489,2,6,1782.61,152,11
316134,1,5,537.94,339,7
598277,2,7,813.3,510,9
295136,2,19,463.08,378,6
566507,0,17,1418.32,370,17
336495,3,8,493.64,163,9
900241,3,19,346.93,290,5
748122,1,11,293.88,572,7
562307,1,12,1758.24,449,6
522694,3,1,1161.94,256,17
321200,3,13,1933.7,275,11
7202,2,10,910.12,521,9
837790,0,8,513.07,117,12
13634,3,16,1002.95,300,4
752668,1,14,1482.08,131,9
672485,3,13,1629.2,652,2
912239,0,14,598.03,686,7
194689,2,14,1605.95,215,9
638995,0,15,476.34,437,11
706055,3,11,203.02,476,9
306136,0,6,1002.88,423,7
632415,3,9,1890.71,217,11
941766,3,3,1238.99,258,7
772253,2,9,1492.09,265,5
173439,2,3,400.0,685,3
554679,2,11,361.98,618,8
596147,2,17,574.18,274,6
187842,1,9,1444.39,395,16
145067,0,1,1908.19,460,11
222676,1,15,1130.02,701,9
951611,0,19,1414.63,276,9
783411,3,16,636.15,708,11
928001,2,9,550.5,471,7
717189,1,18,1400.05,664,7
116736,3,20,756.84,156,6
753834,2,13,1338.69,419,10
320524,2,1,717.51,561,9
872616,0,10,586.96,138,10
114778,2,10,1703.39,210,3
711598,2,14,968.95,619,7
350456,0,2,1701.15,201,6
316215,2,1,1412.58,632,10
441368,3,1,300.82,540,4
773280,3,6,1136.03,708,5
106228,0,19,1947.14,503,6
254231,3,20,1583.4,154,9
52382,1,10,1809.98,547,10
130657,2,2,1767.76,281,10
555849,0,11,479.65,227,5
868197,1,19,1982.78,624,7
740219,0,1,1590.54,577,7
694453,3,5,512.48,283,11
938373,2,11,398.48,666,8
256023,2,8,433.11,397,7
224009,3,2,1503.54,303,8
892652,1,1,1530.27,619,17
676770,2,3,1561.41,517,10
529673,2,8,939.36,147,9
124336,0,7,478.18,657,8
776068,2,8,478.45,501,10
478625,3,6,1449.81,279,14
813444,2,5,669.46,651,8
355666,2,10,1430.56,560,11
8504,3,20,1016.92,665,17
766033,3,10,1122.23,662,12
460669,2,20,1391.48,257,8
621192,1,16,1440.12,499,6
42350,2,8,1853.96,574,6
229507,2,19,978.81,578,14
219851,3,10,1574.59,609,5
711877,3,19,1678.77,490,10
521820,2,15,1976.82,607,13
721656,0,10,1951.59,465,16
248566,0,9,753.89,229,7
68770,1,18,1698.54,691,7
296322,1,5,1114.5,511,8
304902,3,9,1250.28,429,10
349141,0,2,282.92,225,10
968102,3,20,280.67,368,14
569130,3,2,536.01,475,11
772301,0,10,1413.21,259,6
492160,2,7,1081.06,319,11
261102,1,6,1772.67,436,6
138588,3,4,1563.61,337,7
182135,2,6,1292.83,367,17
47845,1,15,1097.78,523,15
784114,0,14,736.62,660,11
430535,2,7,257.78,156,7
608152,1,18,410.34,426,11
81264,1,3,832.17,191,8
550475,0,13,271.49,141,9
918590,3,5,404.55,206,7
547704,1,8,1050.74,138,7
129682,3,1,1126.02,225,12
205275,3,18,1734.32,366,8
39724,2,15,1447.55,269,9
228579,1,2,1399.08,158,9
643542,1,12,872.26,320,5
567196,1,13,1355.09,457,11
657089,2,12,1083.95,188,11
186578,1,7,555.18,346,11
361264,2,10,1465.58,412,9
643739,0,14,1067.89,470,12
246888,2,4,1961.01,629,12
383404,2,3,1438.23,553,4
487840,0,1,1111.47,122,12
769553,2,10,839.31,306,3
122989,3,20,1693.63,550,6
40785,1,5,1614.27,343,8
639571,1,16,1154.75,146,7
715090,3,8,1829.16,298,10
517368,3,18,292.43,234,7
545125,1,18,1965.81,296,8
953555,0,19,1546.79,340,13
785030,1,14,517.58,251,7
815342,1,5,911.68,536,9
828461,1,8,283.36,606,6
753285,0,10,1678.01,282,8
916917,2,16,1799.33,354,7
48642,3,6,211.88,346,8
401443,0,10,709.43,151,10
927996,3,8,311.45,169,11
987434,2,17,1914.26,461,9
173070,2,13,1897.75,683,4
361736,1,15,1484.06,509,7
155215,2,15,806.54,408,12
805070,1,5,1832.55,414,5
48895,3,8,646.2,251,11
803955,2,3,1354.66,640,6
451907,3,9,1631.87,468,6
6805,1,6,571.92,497,7
420577,2,16,655.46,458,10
186763,3,7,651.7,167,12
38403,1,6,207.69,535,8
879635,2,9,1058.66,378,9
645207,2,4,1794.26,337,5
777861,1,3,678.24,128,10
526621,1,20,1716.92,260,12
182979,1,18,1566.26,603,6
314449,2,19,500.17,150,5
657178,0,6,484.37,300,14
741973,2,5,1108.16,622,6
471587,3,9,1569.0,349,10
830494,1,13,1714.99,283,11
352264,0,17,218.0,351,17
368657,2,14,1758.5,511,2
939188,0,6,919.34,459,12
278326,0,17,1885.64,391,5
906115,1,13,1694.79,613,11
339447,3,4,468.78,185,3
149383,2,14,763.1,148,10
987744,0,6,1011.59,263,6
277910,1,14,414.15,530,11
780127,2,12,503.83,552,6
862794,0,2,1308.38,410,6
629553,3,10,1843.17,136,7
275189,3,19,557.81,612,5
556983,3,6,845.41,391,7
65311,3,13,600.95,259,8
351499,1,17,913.21,134,11
200968,2,12,704.66,229,8
725705,2,3,1265.19,133,11
792664,3,19,1460.86,212,8
599557,0,12,857.13,338,3
441254,2,1,1077.22,380,6
385345,1,11,1341.14,653,3
615594,0,8,1877.93,702,6
504712,1,14,1984.56,697,12
920070,1,18,708.5,515,9
349728,2,1,497.93,670,12
622771,1,5,338.13,675,12
50152,3,9,1169.11,262,8
207673,0,11,454.04,287,11
701245,1,10,1146.39,194,15
277988,1,3,632.74,624,10
867424,2,13,321.96,212,9
571328,2,19,1431.95,141,7
284622,0,4,1590.36,676,9
750467,2,6,1574.77,548,7
187523,1,16,1250.35,389,10
347833,1,17,1603.27,203,4
33453,1,14,1311.86,301,10
658428,0,15,496.26,464,7
318377,2,4,1270.33,635,12
943347,3,10,1754.59,533,14
270755,2,16,762.06,251,6
233710,1,11,932.44,168,8
778124,3,2,1374.76,353,8
648770,0,7,1786.78,689,6
786331,1,10,1614.59,271,4
254066,1,2,1647.35,520,4
856620,1,8,210.86,240,6
841879,3,2,1513.8,214,10
516102,2,10,920.89,118,6
173820,1,14,1760.03,407,7
616737,1,11,606.28,296,9
387337,0,16,1375.64,307,8
854285,2,20,1202.1,457,11
613585,3,3,1549.99,138,8
609126,3,6,204.58,209,11
260720,2,8,603.44,179,6
326443,3,18,724.91,192,11
509584,1,18,699.89,359,10
113784,1,11,1573.7,419,11
528740,0,20,1879.13,565,12
103327,3,20,669.58,298,7
216025,0,14,1240.96,680,6
627760,0,6,1167.45,187,18
877706,1,12,491.26,544,9
477087,2,7,731.46,338,6
597801,2,14,1504.45,167,9
626053,2,8,200.43,621,11
478862,0,8,972.22,343,11
563073,2,16,1142.06,600,9
537597,3,2,340.15,147,8
214414,3,7,1531.63,257,11
412117,0,10,620.03,472,4
661359,0,20,1680.48,311,10
96950,1,14,231.38,200,7
918933,0,19,1322.32,139,17
762221,1,17,1907.16,449,6
515677,2,3,1875.03,568,8
998569,0,15,738.1,577,7
137999,3,13,340.65,711,5
833563,3,2,1483.92,572,8
439591,0,3,483.87,243,9
117692,2,19,1525.5,384,13
355069,1,1,1609.24,573,9
720562,3,7,1660.54,705,5
22922,3,17,1178.41,610,9
878680,0,16,496.65,488,16
819570,2,6,1516.67,259,10
684048,0,2,1970.33,414,7
921503,2,7,1445.85,611,12
985614,0,20,1706.11,148,9
58056,2,9,1996.53,402,7
854006,1,9,313.25,183,8
131116,0,3,502.9,542,10
355567,2,14,1879.91,499,10
978633,3,7,354.25,234,11
664273,0,12,972.71,165,18
157060,3,13,413.94,206,6
269616,3,19,1546.13,333,7
243885,1,14,967.01,710,6
110593,3,4,1570.62,521,7
293835,2,14,1105.84,217,9
743644,0,15,545.71,568,4
645064,0,5,536.94,366,3
867852,2,10,1750.59,480,10
847487,1,12,524.48,239,10
159776,0,14,1681.58,379,9
658648,1,6,1082.93,449,11
567715,3,7,291.45,248,5
813233,1,3,1591.27,289,5
60359,1,6,964.4,592,6
253211,1,11,1082.3,329,10
848945,2,4,1273.0,139,9
17750,0,20,1845.42,673,9
648636,3,19,1294.04,369,13
632918,0,5,1334.49,356,12
757455,1,16,1746.83,678,13
418635,3,5,518.33,479,8
829446,2,9,1428.54,655,5
185673,1,19,1163.84,596,8
624264,3,20,1914.18,640,12
764984,3,18,1381.21,493,7
221829,3,17,894.34,669,10
595160,3,14,1323.95,120,14
201870,3,15,1791.39,668,10
161040,0,1,1620.16,164,7
603119,1,10,297.38,274,9
737896,0,15,1084.93,705,8
495945,1,11,1815.06,292,8
779863,3,12,1569.04,215,8
415727,0,11,278.97,157,8
657231,0,1,340.77,353,8
112503,0,10,426.97,507,8
644861,2,16,1796.96,451,10
185526,3,17,1262.44,451,6
671584,1,8,698.59,649,8
737494,2,2,1083.95,547,3
766651,3,16,839.46,708,8
382294,0,8,1091.61,646,9
137712,3,15,1775.12,426,10
776029,0,13,450.79,182,5
214812,2,1,1557.57,189,6
795626,0,7,557.11,443,10
847223,2,10,697.08,597,6
116387,0,10,1226.1,464,8
888729,0,10,1689.41,150,10
209167,0,14,1301.27,442,12
679447,3,2,841.91,696,6
944699,3,5,1255.2,400,8
865438,1,20,1033.07,148,5
148727,3,20,1519.5,272,9
496205,1,14,928.3,279,8
376225,2,6,390.11,272,10
238713,0,9,1495.17,153,8
33353,0,19,1954.78,271,11
279779,3,17,1721.72,713,8
13029,3,1,1536.39,686,10
906383,0,19,1814.67,142,8
673157,3,8,453.33,595,5
250605,3,6,1176.58,362,12
892690,3,8,780.94,476,9
591446,0,13,835.06,638,6
375546,2,17,1787.69,484,10
664697,0,15,234.66,323,9
202075,3,3,736.05,706,5
169284,0,14,1601.91,314,13
734014,2,2,622.87,552,9
97917,3,7,404.02,352,14
46181,0,1,997.65,253,8
224620,0,7,1651.18,598,11
269887,3,8,1679.23,355,9
984786,0,19,1803.11,350,5
963064,2,7,838.66,644,11
821263,1,11,627.21,347,11
139007,2,1,788.35,384,6
504776,2,17,1339.75,560,8
971189,0,9,519.73,607,9
562013,0,15,890.77,191,6
427282,1,12,1734.51,270,6
561007,2,9,1536.28,539,10
619007,3,6,784.7,247,7
140451,3,10,980.64,545,15
278850,3,20,1556.48,241,11
985691,3,9,1689.59,601,12
925280,1,2,730.33,549,8
187788,2,5,1517.34,676,16
717606,2,3,1378.77,472,11
546301,3,20,1801.96,490,6
478112,3,6,1112.65,514,7
856727,0,12,1133.25,359,17
441464,2,2,1902.69,359,8
963704,1,5,1719.33,481,11
771247,3,5,1137.61,384,6
410068,2,16,1578.87,388,7
533130,3,10,1368.49,358,10
357745,1,8,1281.84,475,10
580130,0,3,821.84,331,9
833973,1,17,1813.79,544,8
278827,1,1,429.36,314,11
642495,0,3,759.03,163,6
306843,2,8,601.32,670,8
386268,0,19,473.06,633,12
330314,0,8,740.07,227,5
993809,1,15,1420.71,572,12
824038,3,17,1098.59,330,7
465288,2,3,1657.15,414,7
590916,0,8,1040.64,144,9
618702,3,10,1004.08,634,6
599055,1,4,618.64,344,8
484847,1,10,1290.79,334,7
356947,3,4,1306.25,372,7
538790,3,12,1976.29,487,9
27671,1,15,236.72,514,5
443618,1,20,537.48,200,6
29632,0,14,1163.42,378,7
524586,0,8,623.8,429,11
398070,0,8,1372.05,615,11
104698,1,19,1128.06,692,8
956627,0,3,1566.5,166,6
209011,0,2,1181.99,550,8
422943,1,1,381.19,259,6
190824,2,15,514.31,511,12
262919,0,1,1054.0,308,11
66654,1,6,697.9,344,4
793600,2,3,1992.36,637,11
938207,1,4,1119.75,502,8
682021,1,18,1378.5,347,6
212770,1,14,1207.51,192,17
953914,1,6,1275.29,203,8
289225,1,20,1706.71,548,12
767956,1,3,1494.14,162,9
380443,3,10,1154.65,261,6
405442,2,13,695.02,413,13
189078,0,12,1908.12,154,11
31910,2,12,1856.92,288,10
357046,2,10,1646.68,434,8
505219,0,7,1952.94,484,7
701263,0,4,605.47,624,7
253575,2,4,946.64,527,6
762247,0,10,1284.27,702,12
779561,0,17,1636.63,115,12
571261,0,11,1896.36,694,8
170135,3,13,1178.81,471,11
408698,3,8,420.78,312,12
455466,3,9,1742.63,349,6
115141,2,1,726.89,459,8
81838,1,6,1155.12,183,17
627253,3,13,1784.32,436,8
536699,0,18,1197.98,419,9
90749,1,17,480.61,468,7
799601,3,14,1722.19,472,5
755769,0,14,489.91,232,8
343490,3,5,1567.18,362,8
865476,1,18,1719.35,498,4
254021,1,17,544.45,557,8
264965,2,1,1234.0,322,9
314766,0,12,833.32,150,5
394940,2,2,1268.05,197,10
791492,3,3,1490.73,680,9
831675,3,11,696.12,309,9
119108,2,5,656.97,607,6
176202,3,11,452.1,456,9
882501,1,20,1981.72,313,10
730587,2,16,1084.73,542,11
630779,0,5,564.03,289,8
577563,0,4,669.01,328,9
409528,1,11,1808.42,466,9
534970,2,5,1597.14,695,9
59036,0,8,1634.33,474,17
45238,0,17,754.33,399,11
688100,3,4,1540.81,249,8
528749,3,1,1541.22,346,7
586734,2,12,1185.5,174,9
342448,0,4,376.5,659,7
