area,pincode,customer_segment,total_orders,avg_order_value,tenure_days
Udupi,321865,2,13,451.92,656
Aligarh,149394,0,4,825.48,254
Begusarai,621411,3,17,1969.81,155
Kozhikode,826054,1,4,220.09,512
Ichalkaranji,730539,0,14,578.14,342
Visakhapatnam,883122,1,2,669.35,311
Gwalior,649817,2,4,973.62,167
Orai,332997,0,15,1370.56,323
Buxar,528426,0,17,1950.54,604
Malegaon,4515,1,1,1061.82,609
Katni,642727,0,10,1537.35,686
Fatehpur,393286,3,11,1307.28,672
Ichalkaranji,548633,3,19,723.95,529
Hyderabad,871594,3,18,1432.53,344
Bhiwandi,629210,3,6,367.74,292
Mira-Bhayandar,222577,0,11,281.16,323
Amravati,381991,0,4,789.5,182
Kochi,400041,0,14,1992.42,162
Tiruchirappalli,598757,3,7,1731.87,532
Hubli–Dharwad,509163,2,10,1054.12,136
Nagercoil,792550,3,12,1494.0,394
Alwar,595920,2,10,615.86,251
Bardhaman,125846,2,3,1474.04,176
Nandyal,279361,1,9,1108.86,510
Hapur,964688,1,8,1115.88,438
Nanded,770516,2,4,1024.45,329
Ramgarh,352680,1,6,308.63,457
Bihar Sharif,654429,3,20,701.55,495
Nandyal,494307,0,12,298.97,246
Jorhat,779981,1,8,1641.88,285
Raipur,674102,3,14,1956.45,519
Kollam,436202,2,14,1240.9,323
Ratlam,360999,0,9,553.0,412
Nellore,522947,2,10,316.79,369
Warangal,334280,2,13,1179.29,431
Kottayam,174979,0,9,644.06,557
Tenali,82916,0,14,1454.3,311
Jaipur,688982,3,17,456.51,164
Patiala,993533,2,13,245.46,251
Maheshtala,740640,3,13,1512.4,621
Ludhiana,591173,2,11,1777.83,249
Ichalkaranji,228827,0,9,513.7,466
Ongole,15696,2,8,509.85,446
Katihar,525466,2,7,1301.39,240
Hospet,548469,1,9,899.6,501
Bihar Sharif,945899,1,13,1527.55,463
Siwan,332066,0,17,1600.17,161
Dehradun,455587,3,4,564.55,366
North Dumdum,424291,1,16,301.23,499
Jamalpur,835263,1,17,356.29,317
Parbhani,373298,3,10,569.91,349
Srinagar,517675,1,1,1657.84,501
Kolkata,264654,1,4,1176.18,172
Haridwar,665417,2,9,854.35,506
Kavali,767570,2,7,312.69,354
Orai,197279,1,6,1214.62,282
Malegaon,231443,3,17,1354.99,336
Junagadh,410259,0,13,1110.76,469
Katni,118043,1,18,1031.91,610
Karaikudi,681242,3,10,607.45,372
Ichalkaranji,469063,2,1,1747.14,579
Kishanganj,147502,3,3,775.73,205
Jaunpur,808063,3,16,657.98,183
Madhyamgram,179333,0,5,1774.41,445
Ujjain,119364,0,10,1609.11,293
Mehsana,505469,2,1,795.06,252
Korba,315557,0,10,1076.14,654
Bahraich,693005,3,1,1700.46,259
Pali,544786,2,18,1045.94,670
Jehanabad,984732,3,7,871.15,646
Erode,820741,0,18,294.53,341
Ulhasnagar,275919,0,9,1805.87,560
Pudukkottai,596613,3,15,1631.96,214
Coimbatore,387538,2,16,551.81,444
Panchkula,791364,2,19,1169.96,405
Mau,855661,0,18,1307.64,601
Firozabad,94033,1,20,517.32,156
Ballia,78765,2,4,1441.64,606
Bathinda,220981,1,7,1017.39,647
Guntur,563500,3,3,1144.21,275
Bhilwara,702163,2,2,735.36,335
South Dumdum,663469,1,11,490.13,209
Dhanbad,251590,0,2,1637.43,276
Farrukhabad,399792,0,6,798.18,225
Jorhat,23557,2,18,1360.15,678
Deoghar,365307,3,1,458.39,431
Guna,907803,0,4,979.63,314
Chennai,286135,1,19,1592.94,323
Morbi,852969,3,15,465.38,577
Medininagar,528705,0,10,360.91,525
Secunderabad,271886,1,2,794.83,566
Bangalore,448389,1,11,347.1,147
Shimoga,591693,2,12,1815.02,315
Latur,609032,3,9,629.05,409
Tirunelveli,734693,2,8,1892.45,171
Thoothukudi,474639,0,1,1023.51,700
Parbhani,889940,2,20,1110.61,613
Orai,757209,2,18,1491.58,563
Vijayawada,178528,2,8,1626.79,544
South Dumdum,945900,2,1,1352.7,450
Bidar,505894,3,8,224.01,547
Motihari,249750,3,20,456.24,164
Bettiah,523966,3,18,482.94,632
Tenali,401415,0,18,1010.11,591
Shimoga,681393,0,8,400.97,162
Tezpur,257432,0,13,1458.37,126
Singrauli,711091,0,14,740.4,641
Silchar,431653,0,7,494.03,255
Ballia,413102,3,4,1731.14,394
Vellore,575103,2,19,1203.76,308
Korba,298093,3,13,1938.38,161
Yamunanagar,135844,0,19,1934.37,572
Shimoga,467793,3,19,1121.1,382
Ludhiana,660678,0,8,1309.0,214
Muzaffarnagar,732932,0,4,1316.23,129
Avadi,345071,3,7,321.8,420
Berhampur,595645,3,11,783.03,471
Visakhapatnam,436981,0,6,1037.09,245
Anand,695591,3,20,1432.01,662
Etawah,439705,2,12,1508.41,119
Jehanabad,273810,0,4,850.2,381
Giridih,798390,1,2,1332.82,612
Amaravati,861407,2,5,650.62,141
Kadapa,76910,0,15,362.34,527
Bhind,565088,0,5,466.28,613
Vasai-Virar,375272,0,13,1737.28,642
Ichalkaranji,969027,0,11,373.44,290
Nagpur,155646,0,1,1049.94,563
Dindigul,470156,1,14,1243.4,246
Aurangabad,587018,3,4,893.55,252
Madanapalle,446417,0,16,1475.23,626
Jaipur,663082,0,17,1739.94,589
Bhopal,801132,0,18,246.42,525
Visakhapatnam,865844,1,11,1158.27,287
Kakinada,457519,2,18,560.95,261
Kakinada,247798,1,17,465.55,590
Raipur,46092,3,17,423.79,699
Berhampore,893327,1,16,365.4,463
Tirupati,650085,1,12,531.83,356
Bathinda,833704,0,18,1468.32,419
Karaikudi,768626,3,8,1473.36,643
Kadapa,383118,0,19,882.63,642
Medininagar,705746,0,10,600.09,240
Udaipur,579690,2,12,887.02,231
Saharanpur,506540,1,8,1881.61,302
Aligarh,571862,3,18,1263.17,421
Thiruvananthapuram,320360,1,20,310.83,420
Silchar,319422,2,7,1882.18,367
Nellore,809285,2,17,239.05,354
Rohtak,337064,3,18,1662.44,376
Nagaon,68240,2,1,1866.16,600
Junagadh,342288,3,6,1620.01,629
Bhilai,563148,2,6,932.85,396
Kamarhati,675142,0,5,599.99,643
Ghaziabad,519748,2,11,1225.01,698
Loni,73093,2,13,401.72,356
Tumkur,112464,1,14,973.32,450
Durgapur,233703,1,10,1605.13,192
Amritsar,359792,2,13,432.05,334
Ambarnath,540050,0,18,1185.01,188
Shivpuri,133563,2,11,1770.89,609
Tirunelveli,991020,2,6,263.58,252
Mysore,827748,2,9,1106.22,578
Adoni,396862,1,8,1219.73,238
Ramagundam,111678,3,9,399.57,680
Bhiwani,759090,1,5,1725.79,169
Ongole,443175,3,16,529.87,146
Fatehpur,316173,2,6,907.37,348
Ramgarh,227609,1,10,915.27,690
Maheshtala,476166,1,16,420.19,696
Sultan Pur Majra,580141,2,18,241.19,130
Kolhapur,373917,1,18,1282.7,161
Shimla,499186,0,5,1084.47,333
Pallavaram,455611,0,10,1781.9,486
Allahabad,725534,2,2,1065.52,504
Nizamabad,844891,2,15,1388.33,207
Ballia,740752,3,18,558.66,148
Medininagar,950046,2,17,228.44,371
Bhagalpur,104396,1,14,1592.85,682
Vellore,117423,0,4,327.93,419
Panipat,128140,3,14,792.74,467
Bhavnagar,541006,1,13,1381.95,343
Malda,385040,1,19,1877.55,517
Hosur,56400,0,12,224.41,310
Dharmavaram,356502,1,19,1772.47,458
Mirzapur,838057,2,19,1352.41,372
Bhimavaram,460961,3,1,284.0,674
Bettiah,87102,1,1,989.49,470
Gurgaon,701201,1,8,1179.5,178
Rajpur Sonarpur,313275,3,2,1125.96,232
Adoni,471009,0,5,553.12,563
Silchar,67494,3,8,1024.69,566
Darbhanga,121150,0,5,760.9,354
Silchar,216361,2,8,565.61,425
Pimpri-Chinchwad,773179,3,12,1118.82,700
Sonipat,971252,0,5,1482.83,241
Darbhanga,887597,2,6,1523.88,633
Yamunanagar,522411,1,2,1943.51,125
Sonipat,618575,3,19,723.21,350
Ramagundam,243517,0,7,1783.28,506
Bhind,592981,3,18,1824.43,459
Udaipur,574799,3,20,1310.87,206
Parbhani,925782,0,3,1908.42,333
Delhi,623581,1,8,374.61,578
Guntur,745044,3,3,1166.67,395
Orai,179348,3,20,1935.84,537
Bathinda,943076,2,7,479.45,645
Panvel,751652,1,13,1564.34,457
Kishanganj,766236,0,6,1615.84,489
Gudivada,666095,2,14,1852.36,295
Gopalpur,276624,1,19,1861.66,441
Nagaon,299457,3,4,1230.08,270
Naihati,183562,0,18,892.0,153
Medininagar,970183,1,18,1406.97,216
Malegaon,936957,0,19,1911.7,543
Loni,660030,3,7,426.09,468
Ambattur,109408,2,9,237.42,565
Kottayam,59206,0,10,1134.6,167
Farrukhabad,96804,2,14,809.44,707
Farrukhabad,243420,0,18,1200.18,258
Jodhpur,921195,2,19,1551.39,551
Bardhaman,123617,0,19,1170.53,588
Arrah,271335,3,20,792.52,154
Nagaon,993212,2,15,619.69,324
Mira-Bhayandar,964776,3,12,1591.21,188
Solapur,373773,1,15,1990.83,173
Bhagalpur,348478,1,17,897.78,154
Kakinada,367377,3,17,1532.5,259
Ratlam,406941,2,7,584.9,553
Kadapa,608163,0,10,260.2,608
Bhiwandi,398030,3,10,990.58,149
Ambala,953801,3,18,1268.44,320
Anantapur,766714,2,4,223.45,548
Srinagar,213214,0,1,1574.94,159
Chinsurah,958910,0,13,529.61,593
Purnia,432260,2,18,1146.85,443
Shahjahanpur,845299,0,2,290.07,382
Chennai,979766,3,13,553.65,416
Satna,604955,1,14,1739.84,399
Thane,171389,2,9,1940.4,360
Ratlam,549174,2,20,1001.97,483
Panihati,760694,1,20,1145.01,704
Korba,565436,0,11,1751.48,346
Purnia,88946,2,2,555.78,127
Jammu,100521,2,10,1152.02,391
Coimbatore,17255,1,1,474.41,371
Ludhiana,610068,2,8,1589.25,470
Kota,839641,2,10,701.68,115
Sirsa,569612,0,2,1638.62,396
Sagar,627474,2,7,1881.39,115
Latur,726616,0,10,860.07,324
Bijapur,369390,1,4,1715.9,255
Chittoor,463029,3,1,291.29,377
Morbi,752996,1,5,1632.94,558
Jalna,74329,2,6,1784.79,614
Maheshtala,216235,3,5,1416.06,213
Madanapalle,90667,2,14,422.78,697
Jabalpur,337945,3,1,1221.23,712
Nangloi Jat,773735,2,7,1446.82,244
Ahmednagar,644558,2,3,747.9,557
Kakinada,530738,0,16,808.24,559
Motihari,512761,1,14,1834.38,709
Ahmedabad,68801,2,12,895.49,380
Saharsa,419575,0,3,1812.55,328
Nandyal,575266,2,15,1518.76,495
Yamunanagar,962533,1,15,535.12,121
New Delhi,151851,3,12,1231.06,518
Anand,618615,3,14,491.28,226
Siwan,119006,3,11,1133.51,157
Bharatpur,198010,3,16,1686.74,381
Latur,918497,3,5,1229.25,699
Ahmednagar,88366,3,18,557.2,614
Tiruchirappalli,980279,3,13,1047.73,169
Ramagundam,631598,0,15,1670.86,328
Tiruvottiyur,379070,3,2,1548.31,262
Lucknow,9792,3,2,555.76,300
Nandyal,871014,0,17,625.36,404
Nizamabad,16949,2,6,492.04,332
Ulhasnagar,837587,0,19,1171.6,506
Ghaziabad,793626,3,16,950.75,175
Rohtak,398241,0,1,754.95,683
Kochi,194790,0,5,415.65,581
Bhimavaram,771068,1,11,1066.86,302
Amravati,487205,0,17,579.91,587
Guna,433729,0,15,229.4,693
Kishanganj,21360,1,18,963.9,574
Khammam,755055,0,10,1954.42,372
Moradabad,171879,3,4,951.65,550
Panihati,635480,0,3,1449.4,123
Gandhinagar,773293,1,1,1673.4,313
Jaunpur,853545,0,19,1290.14,589
Nandyal,854748,3,10,1934.68,178
Pudukkottai,635726,3,9,1731.11,655
Kharagpur,304440,0,15,1035.69,420
Gangtok,166077,3,13,273.47,549
Tumkur,471550,1,5,1759.74,699
Howrah,918618,1,17,1168.29,659
Durgapur,924849,1,10,316.82,626
Faridabad,410334,0,8,638.86,697
Indore,49444,2,5,1530.95,490
Sasaram,122681,0,9,757.75,283
Eluru,868809,2,1,1677.06,276
Dehri,79160,0,1,1704.93,322
Katni,388331,2,6,1476.25,711
Rohtak,242409,0,11,1251.88,528
Thiruvananthapuram,690638,0,9,598.89,262
Karawal Nagar,585326,2,9,414.76,169
Kozhikode,147671,3,13,917.32,377
Pune,893205,1,10,1501.23,172
Durgapur,538157,3,4,1993.07,309
Malda,905782,2,8,358.46,410
Thane,386024,1,15,1708.89,419
Miryalaguda,761294,1,3,1020.5,646
Orai,411944,2,16,546.12,253
Ulhasnagar,651234,0,13,497.66,705
Pondicherry,820810,2,5,1737.81,125
Morbi,906839,3,19,911.74,628
Panihati,15615,1,2,1705.17,478
Bhiwandi,581091,1,20,1511.87,291
Ichalkaranji,603624,0,12,526.58,390
Shahjahanpur,647500,2,18,425.92,586
Khammam,12144,0,2,512.27,490
Erode,325134,3,16,1380.08,116
Sambalpur,353937,2,12,985.23,517
Medininagar,683079,1,1,651.43,604
Mehsana,294382,0,7,1382.39,558
Sikar,238167,2,13,1062.57,246
Chandrapur,923560,1,18,332.84,275
Varanasi,107960,0,4,1146.18,406
Motihari,58086,1,15,1739.58,232
Deoghar,115200,3,18,1748.85,139
Kharagpur,198327,1,7,937.66,537
Miryalaguda,564210,3,15,1620.46,333
Sambalpur,988097,2,13,469.6,340
Nadiad,685405,3,5,1975.13,613
Siwan,584166,3,7,1845.28,490
Bhiwani,733394,3,4,1790.07,346
Buxar,619160,0,11,1192.81,644
Chittoor,743672,1,9,1570.98,683
Rajahmundry,625859,1,17,1140.22,691
Chandigarh,24783,0,12,1203.36,188
Hapur,769474,1,1,231.43,172
Saharsa,739236,0,7,1276.61,643
Bhagalpur,78428,0,5,687.71,130
Vijayanagaram,447804,2,5,1588.64,622
Dhule,711075,2,11,1511.1,661
Bhopal,648848,2,4,766.95,583
Alwar,730983,1,1,1257.76,562
Khora ,876370,1,14,226.62,637
Nandyal,543319,1,14,1368.05,332
Pallavaram,260349,3,8,1338.09,182
Allahabad,583410,2,2,206.87,520
Varanasi,690385,0,2,1027.48,298
Surat,612723,1,10,711.72,234
Bhind,238085,2,14,1071.2,376
Rourkela,735727,1,1,1879.39,493
Bhiwani,528702,1,3,632.74,376
Machilipatnam,468669,3,19,413.46,354
Dehradun,227249,2,10,1515.8,688
Jaipur,439446,2,8,1072.65,123
Burhanpur,928472,0,10,1033.16,190
Aurangabad,529864,0,9,1798.13,229
Bokaro,551761,3,16,248.21,394
Jamalpur,574469,3,1,721.13,468
Mirzapur,466962,1,3,1691.32,505
Dewas,212034,2,17,265.15,552
Jamnagar,361935,0,16,991.26,240
Sasaram,881157,1,13,321.43,294
Vadodara,584496,3,5,417.98,418
Kadapa,956529,0,5,1741.42,650
Hapur,333808,0,17,1522.55,587
Bilaspur,116890,2,8,700.6,174
Jalgaon,816791,2,4,1568.02,147
Tadipatri,789300,1,12,1728.95,354
Raurkela Industrial Township,625329,2,4,1655.6,471
Orai,103518,1,18,314.17,494
Bhagalpur,392367,2,15,1381.26,434
Ramagundam,738005,2,13,1137.59,372
Ahmednagar,398963,0,9,1251.82,365
Raiganj,353023,3,8,1823.58,497
Kolhapur,449091,2,10,1245.36,704
Uluberia,377044,2,20,1335.82,188
Vijayanagaram,319468,3,8,585.9,548
Raebareli,304107,3,19,319.1,225
Nangloi Jat,402144,0,15,271.25,522
Guna,546699,2,20,1968.65,535
Pallavaram,314585,0,18,1607.33,281
Cuttack,19668,1,12,1298.4,402
Eluru,287315,2,8,1419.8,385
Imphal,369946,3,12,689.82,522
Nagercoil,165069,0,8,1175.48,488
Hindupur,725268,0,20,1738.21,712
Bongaigaon,290142,0,3,1187.65,171
Satara,999018,1,13,361.38,469
Hazaribagh,41866,3,3,737.0,453
Kota,596608,2,7,1307.21,348
Kota,192064,2,19,806.62,253
Chittoor,741410,1,15,568.11,424
Mira-Bhayandar,842142,0,10,1617.0,241
Pallavaram,536778,2,12,445.0,574
Kollam,926884,0,2,1176.22,120
Kavali,243459,0,2,1790.22,309
Chennai,855454,1,16,1362.71,383
Sambalpur,390809,3,20,1149.62,561
Bihar Sharif,83717,3,2,912.9,234
Bhatpara,244531,0,20,1234.7,490
Bhiwandi,745674,0,1,1838.87,522
Kumbakonam,867510,1,20,1651.36,370
Bilaspur,280957,2,18,1411.67,259
Aizawl,945908,1,11,1364.51,394
Gaya,603031,0,15,969.51,194
Pali,987355,1,1,904.76,149
Noida,758620,0,5,1831.09,164
Haridwar,910220,1,15,731.88,476
Indore,988411,1,6,942.14,546
Jalna,749857,1,14,1981.09,607
Muzaffarnagar,722292,1,14,814.5,478
Erode,283776,3,14,1780.68,209
Kumbakonam,996843,3,1,764.57,119
Guwahati,428400,2,18,1480.38,471
Silchar,627881,3,9,1845.26,196
Durg,142902,2,17,786.74,459
Anantapuram,200521,2,5,1765.01,363
Dehri,625283,0,20,491.07,155
Kulti,547077,2,6,1287.78,386
Bardhaman,361111,3,1,800.21,402
Chandigarh,980380,0,19,442.13,273
Gandhidham,108712,0,3,982.11,362
Karaikudi,598368,3,1,990.53,160
Chennai,382306,2,16,552.68,118
Asansol,376431,3,20,1788.42,188
Malda,592396,0,6,411.27,370
Orai,730156,2,18,1322.85,133
Mumbai,385101,3,16,1114.11,331
Sirsa,414814,3,5,305.65,153
Salem,368044,0,11,1765.06,167
Karawal Nagar,481302,3,7,1371.83,683
Thiruvananthapuram,326796,3,2,1907.98,573
Vellore,106555,0,20,617.71,547
Chittoor,410608,1,17,1619.95,162
Purnia,360444,0,15,610.99,436
Begusarai,686278,2,11,1137.49,626
Haldia,234933,2,14,1136.17,412
Mumbai,130954,0,8,1920.6,217
Mira-Bhayandar,652139,1,19,936.66,132
Maheshtala,660740,0,20,1783.53,501
Deoghar,787371,0,3,1704.43,686
Fatehpur,407022,2,13,979.11,547
Thane,394025,2,6,1695.64,432
Amroha,238579,0,15,311.21,538
Dhanbad,35987,0,17,1358.51,464
Visakhapatnam,639677,0,11,1871.46,558
Pali,154251,1,5,775.85,676
Mau,621459,3,2,1159.84,614
Motihari,309098,3,8,1501.01,334
Jodhpur,907183,2,8,1400.72,389
Srikakulam,440337,1,15,584.69,614
Danapur,112691,0,2,679.32,328
Kanpur,7186,0,2,1495.86,287
Gudivada,347450,1,1,1815.35,220
Imphal,509332,3,16,650.17,530
Rajahmundry,148516,2,5,1830.61,654
Tadepalligudem,826255,0,18,983.94,691
Khora ,53631,1,18,1092.52,438
Mysore,369619,1,19,847.76,213
Dindigul,587334,0,12,787.28,511
Chinsurah,885507,1,12,1223.43,240
Tinsukia,553038,3,6,573.38,393
Korba,139363,1,15,1472.23,646
Bathinda,966966,3,6,863.84,517
Serampore,234962,3,18,569.23,130
Kurnool,2246,0,1,460.65,145
Muzaffarnagar,76708,0,20,659.52,701
Davanagere,638623,3,2,1154.94,457
Nagercoil,262617,3,2,949.36,283
Durgapur,278727,1,1,309.43,576
Ahmednagar,317271,2,12,923.06,642
Shahjahanpur,708661,1,6,1209.86,163
Surendranagar Dudhrej,408102,0,12,1605.51,237
Nagpur,441000,3,16,315.86,645
Gandhinagar,788644,0,17,945.82,680
Bhimavaram,250593,0,11,585.35,635
Firozabad,635776,0,12,288.29,395
Raebareli,211437,1,10,202.43,346
Silchar,207255,3,15,1268.29,567
Bidar,428468,1,19,1815.79,171
Danapur,905945,1,19,1245.73,210
Korba,426587,0,14,1691.92,527
Guntakal,853373,1,20,336.81,494
Rajkot,80555,0,8,301.34,460
Mira-Bhayandar,367282,0,7,872.25,688
Darbhanga,210271,0,15,1599.46,135
Ahmednagar,541588,1,7,1480.3,363
Thane,443182,0,9,581.43,368
Baranagar,248293,1,17,334.16,637
Hubli–Dharwad,527137,0,17,1846.48,502
Mysore,570165,3,8,1225.49,651
Gudivada,371366,0,16,691.29,403
Ghaziabad,59886,3,4,904.08,211
Thane,151739,3,1,1170.74,617
Kakinada,206769,3,5,504.83,412
Tumkur,365840,2,12,1956.57,431
Bellary,83206,2,13,1902.9,602
Nellore,377431,2,16,946.2,417
Mumbai,3787,2,17,1514.21,250
Gurgaon,751303,0,11,1340.89,253
Bongaigaon,154167,1,17,1928.27,236
Madurai,6864,1,12,1389.96,601
Jamshedpur,440555,1,18,1095.92,428
Singrauli,463489,3,6,1092.16,261
Rajahmundry,607110,2,14,344.08,470
Kadapa,687962,3,18,1012.5,241
Pudukkottai,765060,1,10,806.63,291
Amroha,471074,3,4,1764.18,468
Rewa,391559,0,19,387.57,560
Singrauli,463264,3,16,1337.18,346
Fatehpur,847170,0,14,1400.1,309
Ambattur,529502,2,15,1340.99,408
Ambala,634784,2,1,1385.46,470
Indore,798247,0,5,1156.54,546
Belgaum,881993,0,11,586.25,357
Srikakulam,633900,3,16,206.54,337
Guwahati,637399,2,13,204.06,294
Erode,250388,3,9,556.81,373
Bhopal,349563,2,16,462.19,605
Jalna,649749,1,5,918.69,255
Jalgaon,132617,1,15,843.79,644
Bhavnagar,521802,3,18,874.93,571
Bhagalpur,545885,3,14,480.47,223
Uluberia,208164,2,4,1370.22,401
Morena,6749,0,9,1086.68,189
Tinsukia,355326,3,2,367.12,225
Amaravati,724136,0,20,1575.46,332
Gorakhpur,13574,1,12,344.66,129
Kottayam,636641,1,20,1807.56,482
Danapur,397135,0,10,466.33,684
Nanded,745599,2,13,1721.61,536
Kota,761952,0,3,1623.48,632
Ratlam,62592,0,11,1413.4,295
Berhampur,970701,0,2,602.63,690
Dehri,272048,0,18,505.66,244
Sirsa,149812,0,11,1785.8,476
Tiruppur,611743,2,3,412.9,694
Mathura,28426,2,20,1368.38,473
Tezpur,170702,3,20,1171.07,681
Gorakhpur,81284,3,14,1412.54,120
Ballia,527348,3,6,1507.04,245
Bhalswa Jahangir Pur,582630,1,16,1358.53,162
Warangal,272505,2,15,1188.67,168
Bulandshahr,346706,2,3,900.98,341
Motihari,716665,1,15,1928.0,380
Hyderabad,908140,1,20,1125.33,671
Indore,382788,0,18,363.12,434
Rohtak,707096,0,2,1748.41,381
Chinsurah,638222,2,15,1904.61,706
Khammam,390449,3,1,1769.49,267
Kota,595099,2,1,502.79,697
Medininagar,121675,0,18,752.91,521
Guntakal,850565,2,17,1779.46,413
Loni,205436,1,14,1313.73,136
Nizamabad,232354,1,6,1970.59,128
Bardhaman,833561,1,18,1175.7,608
Bijapur,339864,1,10,1332.02,260
Morbi,410335,2,12,1897.84,306
Miryalaguda,930945,0,18,1423.63,328
Gwalior,479960,2,1,456.16,592
Latur,117097,2,11,661.58,286
Meerut,658588,2,8,1366.55,362
Gwalior,236335,1,19,1364.9,214
Purnia,782515,2,13,1085.69,444
Agra,129271,1,18,812.22,256
Gulbarga,748017,2,15,1657.96,227
Jamnagar,743423,1,11,1077.88,311
Rampur,426824,1,2,386.54,251
Jamalpur,761366,1,4,1869.02,383
Tinsukia,681334,2,9,713.25,697
Satara,88020,0,5,1433.81,375
Ahmednagar,167124,3,8,311.01,506
Aligarh,885164,3,6,1419.6,151
Jehanabad,877090,0,4,770.0,239
Ahmedabad,285855,3,2,1944.43,690
Pimpri-Chinchwad,553989,3,9,1188.0,278
Bhilwara,406032,2,1,741.83,285
Kota,362536,1,9,1485.15,216
Rewa,626591,1,19,482.19,148
Sultan Pur Majra,685992,1,9,470.5,714
Patiala,230470,0,15,1143.03,143
Bidhannagar,221116,0,18,508.84,657
Satna,469678,2,1,1076.85,705
Mango,449803,0,4,999.24,357
Vadodara,593400,3,18,1857.99,697
Jamalpur,675581,1,4,711.83,477
Thoothukudi,88698,0,12,525.38,432
Chittoor,216756,3,3,1017.23,232
Chandigarh,918398,0,14,1462.21,601
Kharagpur,501619,3,2,1526.55,286
Vijayawada,483920,2,6,1175.38,284
Amaravati,840367,0,19,384.21,381
Tenali,696330,2,7,1153.17,334
Korba,669102,3,16,1043.26,127
Sagar,841623,2,19,993.78,422
Mathura,838796,1,7,790.59,314
Ramgarh,309567,3,3,1957.67,582
Erode,41954,3,16,1449.84,622
Navi Mumbai,578028,3,7,532.31,410
Jabalpur,262984,3,6,1923.68,639
Sonipat,813317,1,1,1382.19,635
Bijapur,919273,1,14,725.66,564
Miryalaguda,85972,3,13,1420.97,193
Hazaribagh,154794,3,2,391.73,714
Kishanganj,502489,3,17,707.15,245
Raiganj,701928,1,15,808.55,685
Rampur,831630,2,9,1414.83,571
Belgaum,138728,2,16,274.21,313
Satara,480445,1,3,446.4,306
Ichalkaranji,862020,2,3,1693.23,657
Gorakhpur,851838,2,19,1013.57,564
Pali,488313,3,14,1029.98,271
Bhagalpur,700626,3,15,1970.23,214
Kota,455704,1,18,1235.14,115
Sasaram,480016,2,16,757.56,574
Secunderabad,103058,2,14,1902.78,238
Bahraich,605355,0,3,339.73,562
Bhavnagar,312609,3,18,1980.1,181
Firozabad,781242,0,20,1651.18,654
Karimnagar,981853,1,17,722.69,424
Raurkela Industrial Township,307921,0,5,1465.59,611
Varanasi,807586,0,6,248.96,229
Serampore,580825,0,19,1990.96,249
Bhimavaram,730139,2,20,567.65,147
Thanjavur,425881,2,14,389.39,637
Hajipur,170699,0,2,1800.62,183
Jamalpur,190033,2,8,1630.93,617
Ghaziabad,702025,1,11,678.05,427
Haridwar,240315,3,11,927.0,316
Jabalpur,191949,0,16,763.23,336
Kishanganj,125766,3,2,596.71,214
Jodhpur,808731,3,19,385.02,610
Kulti,872429,1,11,1808.3,634
Deoghar,667126,0,15,1060.18,160
Hazaribagh,267488,2,19,1143.97,710
Satna,647152,0,9,1435.78,561
Udaipur,558949,0,10,261.81,588
Bikaner,287396,2,16,545.22,463
Jaipur,799444,3,17,1095.13,591
Nangloi Jat,513907,3,1,771.9,647
Mumbai,706490,1,4,1209.29,214
Panvel,289627,0,10,1286.02,125
Nizamabad,656769,2,11,490.48,570
Etawah,466737,1,3,501.25,434
Madhyamgram,546948,0,8,212.33,530
Ramgarh,189096,0,18,1243.18,248
Berhampore,968515,3,10,215.72,710
Davanagere,315863,2,9,461.87,133
Bhopal,487403,0,12,223.29,226
Rampur,87377,2,2,1633.07,650
Ranchi,290313,1,4,1871.94,347
Pali,843683,0,3,540.83,126
Hindupur,271246,3,5,1670.28,290
Kishanganj,263131,1,10,215.87,628
Unnao,287796,3,1,1422.63,533
Tirunelveli,325976,2,9,1851.83,361
Secunderabad,246460,3,16,1757.01,564
Guwahati,787564,3,15,1587.05,499
Ujjain,770279,2,17,1779.1,444
Bulandshahr,230718,0,18,592.51,518
Bidhannagar,598513,1,4,485.78,527
Vasai-Virar,945784,3,10,591.55,523
Patna,779376,3,7,897.32,136
Kolkata,769142,3,14,877.65,636
Nagpur,711139,2,8,267.32,261
Pune,858006,3,4,1776.71,189
Mumbai,184817,2,15,379.8,334
Bathinda,546301,1,20,1922.71,707
Mahbubnagar,396934,1,2,247.46,347
Hosur,790556,1,8,355.17,404
Raurkela Industrial Township,947965,0,4,855.3,275
Kozhikode,112691,1,11,374.96,322
Ozhukarai,401049,3,17,771.05,481
Delhi,342749,0,13,285.81,386
Begusarai,665539,2,5,443.91,622
Karaikudi,425210,3,3,708.22,146
Junagadh,513437,3,12,1895.04,351
Dibrugarh,451264,2,11,673.6,331
Panvel,848392,2,20,336.21,485
Pimpri-Chinchwad,858879,3,13,714.17,300
Tadepalligudem,102918,0,17,1537.47,607
Giridih,731803,2,7,519.46,227
Bhilwara,744905,3,1,1947.79,677
Kadapa,486794,3,17,1898.12,398
Kozhikode,23455,2,15,1129.76,440
Satara,268202,1,5,1299.25,240
Faridabad,289481,1,4,1894.32,403
Junagadh,690652,1,10,1390.84,206
Gulbarga,583506,1,10,1437.54,641
Satna,339165,2,6,526.7,495
Jabalpur,546325,1,10,1212.75,644
Jalna,571163,1,7,1582.43,608
Dewas,874424,0,6,1289.52,642
Proddatur,479748,3,2,230.19,364
Panvel,468561,0,5,1115.7,238
Morbi,187890,0,5,1871.81,683
Pali,375546,3,19,295.18,584
Tezpur,80875,3,1,1352.97,632
Hindupur,8262,3,17,577.75,147
Chennai,472044,2,19,501.98,500
Bellary,630243,3,1,1567.76,466
Nanded,986269,2,8,732.53,634
Arrah,418798,2,11,1621.1,430
Bhilai,103668,0,16,909.95,157
Khammam,14378,2,6,1047.69,375
Kadapa,858622,3,6,984.13,536
Jodhpur,589920,1,16,947.51,476
Tiruppur,63954,2,14,674.3,396
Coimbatore,728275,0,2,1896.89,394
Nashik,563888,3,3,378.17,429
Begusarai,450245,3,11,1350.06,594
Bhind,684458,0,5,861.55,131
Etawah,59625,2,17,1400.31,326
Kanpur,520506,3,12,1291.92,157
Malda,526640,0,10,1017.63,321
Muzaffarnagar,684302,3,3,1188.16,190
Pimpri-Chinchwad,519996,1,14,609.63,442
Bidhannagar,710095,1,9,541.33,313
Nagaon,251525,2,12,1739.04,491
Siliguri,88753,2,3,1874.34,193
Surendranagar Dudhrej,150558,1,13,1466.9,474
Meerut,266700,1,3,1283.1,388
Bhopal,626288,0,17,1906.92,299
Indore,920281,1,19,490.94,414
Akola,186830,2,2,1380.54,216
Rajkot,742368,1,9,706.67,707
Kottayam,289118,1,18,1079.81,402
Kurnool,264663,0,1,580.47,381
Bhimavaram,227013,1,10,1049.1,355
Muzaffarnagar,535677,3,3,1535.03,454
Howrah,420892,0,6,1378.87,439
Jamalpur,585239,2,1,1206.26,362
Kanpur,98338,1,7,1146.5,289
Nanded,425857,3,18,1808.94,558
Etawah,334921,3,17,1123.43,288
Ambattur,924868,2,16,393.28,333
Karnal,930174,3,2,836.58,235
Gopalpur,231644,1,13,1855.04,213
Fatehpur,231895,1,8,801.83,533
Chapra,840977,2,10,271.53,368
Solapur,302449,3,20,644.85,422
Haldia,894414,2,9,1976.52,562
Raebareli,287997,3,5,1535.01,140
Ratlam,414930,3,10,1316.09,666
Rajkot,286052,1,11,1459.23,423
Guwahati,192156,3,13,879.66,518
Loni,973101,1,20,467.12,421
Jodhpur,891412,2,9,854.81,167
Delhi,313960,0,5,1340.67,155
Khammam,89328,0,2,1618.52,638
Asansol,684483,3,18,1307.52,711
Adoni,603224,0,7,1663.04,507
Tadepalligudem,798755,3,11,1905.19,543
Chennai,478377,1,10,792.85,317
Pune,92392,1,7,291.77,552
Bulandshahr,262684,1,11,1059.22,307
Lucknow,916112,1,14,698.12,128
Guntakal,245224,2,19,950.79,521
Pallavaram,932798,1,11,486.51,354
Bidar,638496,1,3,609.49,311
Vellore,61886,3,16,1768.52,571
Satna,120950,1,7,662.99,459
Morbi,759352,2,11,1954.12,416
Warangal,702601,2,17,567.1,172
New Delhi,116341,0,14,1754.14,244
Amritsar,569153,0,15,1967.78,440
Katihar,262577,2,6,1724.44,386
Hindupur,56676,1,18,1884.15,261
Srinagar,466303,2,12,1453.68,361
Rewa,391552,2,17,1237.96,703
Khammam,123704,2,10,770.71,320
Haldia,567104,2,7,554.65,627
New Delhi,862253,1,9,1513.18,643
Faridabad,898529,1,1,1248.16,450
Machilipatnam,343097,3,15,1105.15,118
Nandyal,696091,0,18,1536.88,219
Gaya,464706,0,2,1278.88,279
Berhampur,743842,0,8,1863.49,277
Kanpur,803498,0,3,820.6,362
Khammam,105283,1,6,1957.35,599
Hosur,276733,1,20,1628.56,249
Shimla,186927,0,18,993.5,595
Sagar,165438,1,3,305.85,565
Aurangabad,160138,1,19,282.0,563
Udupi,413954,3,9,518.17,373
Narasaraopet,890953,0,16,1903.09,606
Nandyal,87344,3,3,259.96,399
Mumbai,953623,1,2,1324.95,454
Rohtak,902770,2,19,1681.88,230
Saharsa,447206,1,2,1671.53,690
Serampore,264052,1,11,937.26,442
Anantapur,29302,2,17,292.41,138
Mau,381178,0,6,1781.37,132
Ahmednagar,278627,1,1,1049.6,433
Bhopal,755104,1,12,239.2,156
Hosur,894432,1,2,1638.08,586
Sikar,505940,1,16,462.66,135
Anantapur,478537,0,12,1918.04,581
Aizawl,769023,1,7,1387.81,359
Gandhinagar,748222,0,9,1644.51,701
Dewas,100051,2,7,1547.07,126
Bhimavaram,48081,3,18,836.6,628
Mahbubnagar,829779,3,13,476.91,572
Ambala,97395,0,5,862.68,542
Madhyamgram,390752,1,11,949.6,224
Sikar,417724,0,10,1124.25,216
Proddatur,304595,0,14,633.41,205
Guntur,711210,2,4,1863.17,627
Barasat,505155,2,13,625.97,163
Delhi,305120,1,17,1100.53,360
Vijayawada,415274,1,14,448.81,418
Sonipat,965944,2,13,1607.4,457
Raebareli,499108,1,20,1310.74,175
Udaipur,434196,1,2,1285.79,118
Farrukhabad,770374,1,12,1512.98,379
Asansol,37026,2,14,1537.05,459
Bulandshahr,177515,3,15,1160.55,350
Berhampur,172106,1,20,1423.56,648
Mysore,227417,1,4,851.79,612
Akola,329409,1,2,640.41,125
Muzaffarnagar,603717,1,13,1124.52,502
Karawal Nagar,273092,3,13,533.74,463
Mirzapur,329948,1,7,425.04,131
Gwalior,81603,1,17,1763.46,448
Jaunpur,542226,3,3,1053.33,712
Berhampur,776802,2,10,736.33,434
Panchkula,821987,2,15,1842.37,216
Kishanganj,207296,2,2,601.98,589
Gorakhpur,374983,2,13,1548.76,277
Berhampur,652494,1,19,1602.11,202
Etawah,358801,2,16,1074.21,647
Gandhinagar,843445,2,8,439.41,465
Uluberia,3946,1,19,935.68,572
Chinsurah,346670,1,15,1352.21,438
Guntur,716024,2,10,1270.38,450
Munger,361839,0,9,1089.92,369
Aligarh,88100,0,11,416.94,153
Bhiwani,499199,1,17,1386.69,162
Sasaram,655005,0,19,1070.47,687
Ludhiana,743825,1,18,1652.89,296
Agartala,875201,1,8,505.03,410
Kolkata,370073,1,10,622.59,637
Katihar,276564,0,5,216.98,343
Thoothukudi,190084,2,11,1018.2,584
Sultan Pur Majra,626543,2,12,924.06,514
Maheshtala,200144,3,5,1610.07,328
Bhiwandi,681898,3,10,714.21,646
Ghaziabad,423916,0,17,1395.84,276
Haridwar,809794,3,3,444.54,523
Dehri,383972,3,11,1739.54,139
Chandrapur,741984,2,9,919.12,482
Jabalpur,760017,0,19,577.89,495
Karaikudi,251735,1,18,1600.66,559
Allahabad,407983,0,18,218.41,228
Asansol,895547,2,9,1856.86,430
Delhi,80190,1,8,1923.29,477
Phagwara,202676,3,10,1573.91,642
Faridabad,493391,0,3,1995.09,456
Sambhal,521032,2,1,1786.85,391
Durgapur,13150,0,5,1323.32,588
Mehsana,80248,2,8,1636.24,383
Bhatpara,238845,0,16,748.34,587
Kalyan-Dombivli,816410,2,6,624.4,378
Kadapa,393692,2,5,507.99,513
Karaikudi,719292,1,2,1834.58,172
Arrah,603176,3,15,294.04,695
Dibrugarh,493928,0,20,787.07,184
Tinsukia,177431,1,5,1389.14,650
Kolhapur,465150,2,13,1304.73,527
Chandigarh,145664,0,10,842.66,204
Tinsukia,419606,3,1,1921.19,345
Thoothukudi,99859,1,1,619.56,371
Junagadh,893610,2,6,1326.63,160
Mango,523577,1,1,1090.28,459
Kulti,40488,1,8,1558.97,279
Hindupur,876143,3,10,1226.1,172
Farrukhabad,124819,3,8,559.99,368
Amritsar,191584,1,5,1882.69,684
Mumbai,438966,1,12,1006.24,421
Berhampore,363245,0,11,399.59,320
Navi Mumbai,729388,0,19,928.13,579
Latur,257938,0,5,850.56,286
Korba,207211,2,4,405.49,516
Maheshtala,195956,0,13,1794.46,376
Kanpur,182213,1,18,615.52,437
Hindupur,976259,1,10,1449.0,567
Jodhpur,869099,2,11,201.56,469
Morbi,267760,3,3,301.96,266
Visakhapatnam,411956,0,13,652.0,286
Gandhidham,975982,2,11,329.17,276
Bhopal,402853,0,16,1804.42,336
Faridabad,160994,1,19,1993.09,532
Agartala,931347,1,1,1762.35,710
Sagar,644361,2,12,1599.39,194
Darbhanga,351799,3,5,231.41,468
Saharanpur,84734,3,1,1680.47,432
Tadipatri,863697,2,12,316.16,270
Ahmedabad,960708,1,9,280.45,344
Pali,337430,2,6,825.55,523
Loni,223700,1,19,1365.33,209
Faridabad,853795,2,10,909.0,469
Guna,876392,0,19,452.86,555
Tezpur,49861,3,15,1938.81,540
Erode,455503,3,9,1412.04,227
Tadepalligudem,666,0,9,1493.48,639
Gulbarga,474294,2,9,1160.21,343
New Delhi,606822,1,18,381.62,646
Ichalkaranji,931414,0,4,1677.24,118
Korba,990395,0,20,1275.41,360
Aurangabad,208007,3,15,917.84,136
Anantapuram,900047,1,10,945.18,454
Hazaribagh,654240,1,9,863.3,179
Guna,294022,0,10,1680.98,451
Jaunpur,669886,3,7,751.73,510
Durgapur,98666,0,12,569.16,244
Chittoor,740511,3,11,320.69,374
Akola,519759,0,19,1788.36,502
Aurangabad,37920,3,13,1965.2,713
Dehradun,992332,1,14,1515.62,497
Vijayawada,129888,1,1,1017.46,302
Kochi,736698,3,6,1474.44,311
Patiala,520564,2,6,816.6,216
Bahraich,118581,2,20,1122.83,402
Jhansi,334137,2,2,710.2,145
Darbhanga,164675,0,1,1343.07,224
Hapur,190188,0,2,1507.44,609
Silchar,511482,3,3,869.19,513
Rajkot,456459,2,3,245.0,458
Katni,819570,1,2,1001.64,661
Orai,693570,1,4,594.87,461
Burhanpur,328247,2,18,1530.18,678
Warangal,40280,0,20,991.94,124
Dibrugarh,271286,2,13,1858.33,379
Warangal,950220,0,12,1736.69,349
Surat,962834,2,20,877.0,280
Machilipatnam,460348,3,14,1205.76,553
Eluru,291980,0,9,793.38,561
Nellore,396198,2,3,929.72,218
Jalna,215907,3,10,1499.16,469
Bhilai,30634,3,15,1044.86,246
Etawah,638879,0,10,1170.57,299
Kishanganj,950528,2,18,1776.12,604
Avadi,606137,3,18,489.19,370
Mira-Bhayandar,60405,3,12,913.91,123
Bhilai,702364,1,8,245.84,382
Phagwara,494573,3,4,1855.11,603
South Dumdum,907188,1,14,343.23,488
Berhampore,448354,3,9,1392.05,679
Agartala,50491,1,9,1765.46,555
Jodhpur,705258,0,10,1121.27,693
Baranagar,739444,1,9,805.9,140
Mahbubnagar,251772,2,18,1149.94,117
Katni,396358,2,9,236.96,419
Bathinda,843234,0,19,1524.23,210
Chapra,910042,3,15,1654.66,143
Nanded,149991,1,4,1596.98,249
Imphal,593985,3,19,1980.66,393
Jabalpur,1489,2,11,1086.3,318
Bangalore,542334,0,1,1215.61,236
Arrah,183905,3,16,1238.72,180
Guntur,764470,1,19,1190.95,512
Pondicherry,185375,3,1,325.65,298
Tezpur,47849,0,11,664.87,388
Thrissur,856100,1,5,958.06,478
Kavali,690956,1,13,285.02,346
Kamarhati,464123,0,10,487.34,486
Buxar,891289,2,12,1208.52,343
Raurkela Industrial Township,367210,2,8,567.13,488
Begusarai,107720,1,14,1390.08,367
Belgaum,769214,3,8,923.09,408
Burhanpur,789598,2,19,1110.11,147
Shivpuri,990270,3,20,546.25,626
Bhimavaram,643683,1,11,328.57,363
Vijayanagaram,418461,2,5,477.1,119
Singrauli,789283,1,20,1923.64,708
Tadipatri,851131,1,13,1085.52,332
Nagpur,723012,0,3,534.37,567
Raiganj,821014,1,13,1934.52,157
Malegaon,654544,1,8,1148.93,199
Kharagpur,318476,0,13,515.07,295
Nagaon,971471,3,3,1519.51,558
Gudivada,296207,1,9,1312.28,710
Kottayam,913086,3,12,1883.93,700
Ratlam,816490,0,12,1830.13,464
Madhyamgram,999631,3,1,1031.07,548
Deoghar,65670,0,15,637.06,590
Nashik,608018,0,6,1777.35,192
Baranagar,881409,1,12,1043.28,530
Alappuzha,96313,1,14,1404.12,652
Jalna,210807,2,15,323.12,704
Fatehpur,578000,1,18,1096.12,692
Nadiad,703403,1,3,1910.25,200
Shahjahanpur,219750,2,3,976.71,497
Munger,202068,2,3,1909.44,573
Varanasi,113744,2,17,309.79,610
Kirari Suleman Nagar,23472,1,16,1626.23,162
Vijayawada,572574,1,19,555.13,385
Berhampur,622176,2,9,1678.38,327
Noida,273531,1,12,682.32,537
Latur,710487,2,9,1713.65,253
Bidar,366198,2,10,1797.89,244
Kishanganj,530403,1,6,777.89,544
Tezpur,311501,3,2,812.35,220
Nizamabad,696590,3,17,235.4,157
Jabalpur,502565,0,13,435.47,676
Ghaziabad,818957,2,4,1371.03,554
Bathinda,645238,1,6,1590.11,385
Rajpur Sonarpur,713686,2,20,1518.83,419
Nandyal,920703,0,20,1350.67,368
Ratlam,685813,0,3,244.31,323
Vadodara,300794,3,12,453.24,475
Bihar Sharif,404970,3,18,415.99,296
Udaipur,685858,2,6,377.36,561
Bilaspur,525952,3,16,461.95,295
Unnao,789057,1,12,793.98,435
Nellore,156234,2,3,263.3,335
Kadapa,404979,1,12,1118.99,151
Ghaziabad,531091,1,8,746.88,339
Gwalior,671833,0,9,1636.27,387
Serampore,408435,2,4,505.94,348
Saharanpur,49880,1,1,1688.73,442
Ghaziabad,130770,3,1,293.54,197
Gaya,311182,2,12,859.39,679
Munger,928068,1,2,570.88,554
Thane,224382,0,19,206.87,160
Aurangabad,778819,2,19,1043.7,184
Hospet,173000,2,2,797.92,400
Haridwar,55710,3,6,636.83,158
Bidhannagar,211320,1,13,852.39,615
Hosur,328080,2,19,1782.35,586
Pimpri-Chinchwad,683667,2,3,1208.69,170
Tirupati,459997,0,17,719.09,413
Siliguri,795903,1,8,1009.58,224
Machilipatnam,331326,0,19,1036.03,564
Solapur,498701,1,20,937.11,666
Adoni,918082,2,13,420.89,407
Chandigarh,396282,0,10,1606.18,360
Hazaribagh,289050,1,8,1546.54,293
Latur,930913,3,7,1248.24,677
Dhanbad,649341,0,16,747.55,119
Howrah,223428,3,2,655.95,218
Kollam,393814,1,1,1110.52,180
Bhimavaram,331633,0,5,294.44,200
Phagwara,773475,1,14,1419.7,466
Shahjahanpur,261246,1,17,539.79,380
Guntakal,388744,3,1,942.49,339
Nellore,86659,0,19,376.73,362
Panihati,125919,1,6,1466.45,428
Aurangabad,407353,2,9,368.71,578
Surat,454361,0,18,1505.74,596
Anand,255774,3,3,1977.36,361
Guna,325080,0,9,1844.07,338
Panihati,401259,1,1,251.79,659
Sangli-Miraj & Kupwad,268118,0,13,1896.2,541
Bahraich,255938,2,4,271.5,680
Imphal,400123,1,18,546.58,178
Rewa,854880,1,17,917.45,387
Gandhinagar,171799,0,12,694.85,687
Saharsa,14967,0,7,1559.22,204
Suryapet,544363,0,15,1754.47,308
Burhanpur,110402,3,16,1666.12,662
Pune,970382,0,4,500.75,169
Kadapa,693161,0,18,1476.0,250
Deoghar,119736,2,16,1515.01,205
Durg,963984,1,16,607.46,431
Hosur,446112,0,17,1383.05,646
Gurgaon,447354,0,1,533.72,188
Jammu,296499,1,6,1672.37,632
Aurangabad,611718,3,6,1247.37,607
Proddatur,350967,3,19,724.81,490
Amritsar,125429,1,9,1458.87,256
Mehsana,601242,1,16,1110.01,544
Arrah,124227,1,8,1762.86,209
Orai,118987,3,5,1093.92,156
Aizawl,763550,2,4,462.17,626
Bhiwandi,94381,2,14,409.51,225
Burhanpur,67286,2,16,745.1,394
Bidar,984457,0,19,721.41,695
Siwan,803941,1,7,1695.8,134
Kozhikode,108922,3,5,1590.28,301
Mathura,52692,3,7,1625.44,365
Ichalkaranji,742412,2,7,1197.2,298
Pallavaram,279065,3,10,963.44,321
Amaravati,432216,3,17,1678.84,475
Dindigul,243125,3,8,1498.83,237
Jamnagar,321770,2,6,1539.15,700
Mahbubnagar,153137,1,9,1193.05,484
Ballia,636676,2,14,763.15,316
Salem,706203,1,19,1256.55,708
Hosur,806093,3,15,446.56,357
Bangalore,391984,0,19,874.8,401
Kamarhati,462353,3,18,1751.47,268
Machilipatnam,468910,3,3,434.62,621
Rewa,314082,1,8,374.67,509
Muzaffarnagar,118790,1,8,351.08,262
Ozhukarai,57642,3,17,422.51,216
Orai,822374,2,2,654.95,513
Begusarai,407090,3,17,811.77,614
Panipat,688117,1,4,1817.62,357
Panchkula,828437,1,14,969.68,258
Ratlam,300261,0,12,889.72,488
Ulhasnagar,561730,1,1,1293.97,501
Rohtak,586174,2,20,1727.18,322
Jehanabad,260252,3,15,1367.8,177
Pimpri-Chinchwad,196025,1,7,404.11,427
Tinsukia,538718,3,9,1264.67,582
Dindigul,390035,0,12,617.79,310
South Dumdum,65460,2,6,506.63,484
Amroha,957367,2,16,1830.26,427
Saharanpur,467162,1,2,907.16,281
Raiganj,418404,3,7,513.2,237
Guntakal,797149,3,20,1259.49,257
Bhagalpur,439383,3,11,766.81,166
Vijayawada,570349,1,18,1892.18,500
Chittoor,858549,3,18,805.43,600
Naihati,996267,2,6,898.52,180
Burhanpur,526523,2,20,1027.67,517
Patiala,92581,3,10,1749.17,334
Jalna,362822,3,5,1863.18,241
Thiruvananthapuram,506102,1,17,1799.48,541
Gudivada,479673,1,1,769.19,521
Udupi,407746,3,1,828.2,216
Pallavaram,344843,3,16,1409.6,351
Bhilwara,250202,1,2,1888.02,420
Bardhaman,123186,2,11,1704.14,408
Thrissur,227379,3,10,1285.18,665
Arrah,603962,0,14,802.09,334
Jammu,741033,2,6,1666.01,698
Bathinda,809596,1,11,315.99,354
Mira-Bhayandar,270793,1,4,510.76,576
Guntur,353826,1,17,564.89,550
Davanagere,619381,2,1,376.48,439
Alappuzha,464641,2,15,1226.88,200
Sri Ganganagar,255117,3,18,598.79,624
Pali,638631,2,1,1938.34,152
Khammam,886183,2,6,1643.67,691
Hindupur,893621,0,9,553.29,213
Gulbarga,776510,3,19,999.5,181
Thanjavur,988334,2,16,1337.43,251
Bhatpara,675854,1,8,690.19,466
Bareilly,155249,3,2,1186.59,425
Ludhiana,880262,3,2,1686.86,167
Dindigul,36144,3,18,1872.09,307
Siliguri,47733,0,19,1550.84,165
Narasaraopet,15855,2,1,1965.46,245
Jhansi,945972,1,13,586.75,435
Muzaffarnagar,670607,3,10,1478.75,616
Eluru,153679,2,20,477.19,546
Maheshtala,759825,0,11,788.1,606
Nizamabad,835800,0,18,517.73,136
Sambalpur,463411,0,2,1577.27,550
Yamunanagar,838368,1,8,1166.83,351
Thiruvananthapuram,139810,0,8,830.3,565
South Dumdum,718072,1,6,1700.56,592
Katni,474877,3,6,1685.52,350
Patna,602979,0,5,1769.51,497
Junagadh,964252,3,9,1637.67,285
Karawal Nagar,536746,1,2,1361.12,520
Anand,531962,0,6,541.59,491
Coimbatore,986968,2,9,1736.28,271
Kozhikode,525311,3,7,1463.73,487
Noida,910150,3,14,1968.85,588
Junagadh,642567,1,6,720.69,524
Kadapa,761787,3,8,638.6,546
Pali,583209,2,2,1144.9,475
Erode,699508,1,12,1427.91,421
Malegaon,663144,1,14,1364.82,341
Adoni,424255,1,7,580.22,348
Ludhiana,831272,1,7,1898.39,381
Singrauli,867234,0,8,1310.07,673
Aurangabad,36309,3,14,415.01,537
Bangalore,528483,1,19,1051.3,335
Karnal,942916,3,15,698.87,267
Salem,610584,3,15,856.01,467
Junagadh,506119,3,14,895.74,481
Morena,913898,1,3,1999.83,622
Tirupati,77875,1,4,1252.89,347
Gandhidham,140024,1,11,1015.81,351
Thiruvananthapuram,280153,3,1,797.28,690
Machilipatnam,324950,3,1,822.37,275
Bathinda,348054,1,4,790.78,685
Bally,69036,3,20,607.46,486
Suryapet,377043,1,14,1488.42,431
Parbhani,275327,2,11,334.01,523
Medininagar,607637,2,10,1387.23,128
Darbhanga,35650,3,8,635.99,190
Ambattur,292276,0,14,1563.87,156
Vijayawada,962095,3,4,1807.2,459
Kalyan-Dombivli,491018,3,5,1616.47,391
Bathinda,695228,3,6,934.37,527
Ujjain,97187,1,16,1312.22,427
Dhanbad,205626,3,7,272.63,509
Udupi,819988,1,8,382.07,203
Panvel,210002,2,7,1295.96,423
Raipur,51420,1,13,802.85,521
Nagpur,410844,0,15,213.69,696
Tadepalligudem,285899,2,6,1583.56,193
Khammam,399392,2,6,1557.45,333
Thoothukudi,932768,2,9,1763.76,658
Noida,980046,2,18,1756.08,150
Dehri,875536,3,3,700.22,424
Amaravati,455609,0,9,495.2,346
Nanded,299635,2,19,516.21,680
Kanpur,515548,3,12,227.18,198
Amravati,691745,3,6,1653.1,694
Panipat,637163,1,15,672.4,486
Jalgaon,925122,2,5,247.73,607
Pimpri-Chinchwad,603140,3,10,716.11,633
Lucknow,12673,2,16,1388.04,326
Allahabad,911359,3,13,749.95,178
Muzaffarnagar,539257,0,15,1828.12,158
Visakhapatnam,609564,3,10,1747.91,155
Udupi,176996,1,14,470.99,494
Tiruchirappalli,783266,1,7,1350.81,467
Jabalpur,364241,0,7,528.12,616
Jaunpur,938416,2,14,1343.69,651
Mahbubnagar,197561,0,4,1407.92,593
Korba,823516,0,12,983.84,178
Bhavnagar,6891,3,9,1600.67,241
Etawah,954583,2,8,1412.4,417
Kochi,723520,2,16,1535.12,701
Barasat,284684,2,10,1791.16,562
Bikaner,349157,3,4,323.92,135
Jabalpur,399897,2,15,902.61,694
Bulandshahr,514698,3,13,778.44,701
Chittoor,58142,3,8,288.08,225
Kanpur,844591,2,1,1367.12,655
Cuttack,347212,0,6,602.09,701
Amaravati,690370,2,7,1328.35,367
Mathura,998055,2,18,898.85,386
Burhanpur,161156,2,5,1953.37,156
Jodhpur,103710,0,20,1875.27,487
Alwar,612480,2,1,351.38,637
Haldia,987109,3,17,332.03,347
Firozabad,856856,0,12,1346.9,345
Bhimavaram,638420,1,18,1155.71,406
Rajkot,493628,0,11,1797.02,468
Bhatpara,793361,3,1,1036.29,571
Jodhpur,245873,2,1,664.85,521
Belgaum,160105,3,5,934.23,596
Khandwa,166001,1,5,1859.93,711
Madurai,317235,0,5,774.65,650
Darbhanga,871302,3,11,229.17,298
Bettiah,68994,2,19,1858.8,589
Kottayam,317201,2,1,1768.23,229
Gandhidham,40161,1,5,843.98,675
Naihati,886615,2,19,1603.14,334
Saharanpur,232753,0,6,239.76,475
Kanpur,146326,0,10,205.49,673
Ambarnath,863663,1,10,1710.75,494
Gulbarga,976912,1,15,469.03,164
Thiruvananthapuram,917590,3,1,583.12,210
Bhalswa Jahangir Pur,940482,2,1,938.29,133
Ozhukarai,733321,3,17,650.89,346
Jalna,91065,2,9,842.83,155
Korba,807661,0,1,330.17,354
Gandhidham,850794,1,15,501.27,322
Dhanbad,615240,3,16,266.6,587
Bokaro,717396,1,17,1597.83,384
Bulandshahr,795752,3,11,1243.23,521
Malegaon,348234,0,10,1753.38,595
Sri Ganganagar,342395,1,9,1284.68,228
Madurai,866334,2,3,853.44,635
Bhalswa Jahangir Pur,311683,3,10,765.4,319
Udaipur,719362,3,8,527.59,619
Secunderabad,441105,2,2,1737.1,358
Davanagere,869884,2,20,203.28,413
Meerut,568324,3,16,769.13,514
Rajkot,763603,1,9,1838.56,170
Agra,173328,3,19,1097.48,468
Ajmer,108582,2,19,1433.53,437
Maheshtala,554594,0,17,1770.94,242
Jorhat,597322,3,19,896.82,481
Ahmednagar,572351,2,3,623.26,714
Ujjain,317869,1,10,1574.34,140
Rajahmundry,126465,1,14,1580.62,243
Patiala,466894,1,14,940.85,283
Ongole,419857,1,14,679.5,369
Patiala,635527,0,6,484.51,490
Durg,198685,2,5,941.9,356
Kulti,154452,2,4,1599.19,524
Noida,745281,0,17,496.59,382
Howrah,473540,3,8,748.43,557
Firozabad,785077,0,19,1483.65,351
Shivpuri,865499,2,12,1420.99,597
Mathura,501272,3,12,1972.81,240
Bhilwara,757778,0,4,380.49,151
Amritsar,893254,0,17,1617.63,680
Dibrugarh,460303,0,2,978.88,613
Phagwara,363237,3,9,449.79,322
Hazaribagh,293062,3,1,1892.51,592
Durgapur,943453,2,12,538.66,573
Kadapa,760525,0,8,590.36,116
Kalyan-Dombivli,652094,2,10,403.61,495
Jamalpur,902417,1,15,615.8,501
Muzaffarpur,833041,2,6,995.42,487
Agra,457942,2,18,1045.53,130
Bhopal,973977,2,12,324.58,182
Orai,33590,2,15,1147.01,569
Bettiah,813010,1,3,765.19,206
Raebareli,185824,2,13,1201.0,138
Thoothukudi,796020,0,20,1812.27,160
Burhanpur,952694,0,9,845.85,285
Adoni,626620,1,18,980.16,587
Chandigarh,319915,2,1,1768.04,465
Patiala,82581,2,3,1137.83,682
Tinsukia,877253,0,12,1802.63,434
Coimbatore,14359,2,8,1303.37,560
Bhagalpur,789995,3,10,1898.18,330
Sasaram,880263,3,3,362.45,229
Mehsana,856383,1,9,1683.71,326
Unnao,926172,0,17,1445.33,555
Begusarai,887933,2,2,672.87,557
Haldia,400684,1,15,915.53,336
Guwahati,412928,2,17,444.89,554
Eluru,317047,0,16,1139.56,696
Karimnagar,638908,2,17,1659.88,157
Kottayam,850470,3,8,884.0,317
Sultan Pur Majra,221493,2,1,1296.69,398
Tiruchirappalli,917035,1,4,1838.77,611
Durgapur,16828,3,6,245.16,274
Dewas,418024,1,6,854.68,689
Pallavaram,767176,3,19,828.14,475
Bulandshahr,720320,1,6,1966.02,141
Bhalswa Jahangir Pur,902052,2,20,1460.76,581
Shahjahanpur,632904,0,16,376.5,577
Bijapur,339705,0,15,1681.39,149
Mumbai,109591,3,16,282.58,152
Bellary,208439,1,4,718.4,363
Dharmavaram,22174,3,4,1408.03,248
Tiruchirappalli,573755,1,4,495.67,207
Thanjavur,372814,1,15,252.26,305
Agra,85316,2,19,1193.57,146
Mumbai,503282,3,20,564.73,268
Sambalpur,731095,2,9,1190.21,657
Sultan Pur Majra,666762,3,18,1230.75,323
Saharanpur,317779,0,17,454.3,624
Raiganj,437954,1,10,1085.49,711
Howrah,82827,3,10,555.97,471
Mango,656521,2,13,1518.23,495
Patna,861467,3,8,525.9,237
Ujjain,72586,3,5,1953.24,253
Ulhasnagar,370025,1,12,1775.89,713
Dehradun,774395,0,20,1893.83,125
Rourkela,767461,3,14,1276.88,708
Bareilly,845884,1,12,1727.41,472
Kirari Suleman Nagar,288478,1,13,1172.32,270
Jalgaon,236937,0,13,1816.18,568
Bhimavaram,891343,2,15,1976.98,469
Hajipur,775942,3,14,776.52,534
Erode,392999,1,1,377.07,365
Sambhal,593073,1,18,1148.4,275
Dibrugarh,181712,1,16,1297.47,596
Bongaigaon,483994,0,2,502.96,117
Jamshedpur,156998,2,3,957.94,264
Sonipat,695663,1,20,1180.95,691
Tumkur,702467,2,15,246.73,392
Thane,413547,3,11,745.22,171
Raipur,474552,0,6,935.8,425
Bally,107629,0,7,1958.97,659
Jhansi,491822,3,17,1208.04,306
Rewa,437649,3,15,1810.28,487
Pali,245058,2,16,927.07,265
Ongole,715292,3,3,1238.37,292
Rewa,320465,1,6,1795.72,412
Jamnagar,449419,1,20,459.1,344
Baranagar,594349,1,8,664.22,209
Sikar,756155,0,16,941.51,684
Mau,229457,1,8,1065.84,196
Mirzapur,766641,1,10,1097.35,684
Guwahati,737567,3,14,1723.2,206
Nizamabad,789273,1,19,436.35,133
Anantapur,169958,3,17,585.08,232
Aizawl,841396,2,19,447.55,575
Narasaraopet,332324,3,1,438.19,218
Dibrugarh,95444,2,10,324.92,259
Berhampore,573140,1,5,1391.13,163
Durgapur,158515,0,1,1888.83,505
Berhampur,103202,0,19,468.79,426
Dindigul,645810,1,18,1164.81,321
Hosur,397881,3,6,1515.17,361
Udaipur,205466,0,1,222.89,661
Gandhinagar,297641,1,13,722.45,263
Bulandshahr,876401,0,14,976.81,507
Loni,114641,1,20,218.78,561
Vasai-Virar,414399,1,16,713.26,248
Guna,413955,2,12,1255.44,606
Nandyal,537361,1,2,1446.34,568
Sasaram,9157,0,13,1806.01,526
Bareilly,284389,3,17,1530.19,285
Chinsurah,934156,0,3,587.28,330
Gwalior,941934,2,20,1782.84,304
Guwahati,44806,1,13,1881.19,235
Deoghar,659205,2,7,1170.84,244
Panchkula,728463,3,15,223.11,418
Kollam,204587,0,6,1681.52,556
Bahraich,52603,2,1,1034.23,676
Karnal,645358,2,15,989.8,241
Karaikudi,515734,3,10,1239.42,571
Karnal,395170,3,13,1565.67,577
Tirupati,454533,2,3,994.81,342
Deoghar,284974,3,10,225.69,708
Ludhiana,912652,0,15,233.12,417
Bhilwara,401933,1,6,1729.83,192
Chapra,14789,2,16,1040.97,206
Kolhapur,478462,1,20,504.15,663
Ramgarh,860603,0,10,678.96,470
Avadi,281610,1,11,862.23,149
Hindupur,19178,1,5,1732.02,471
Deoghar,383021,1,11,739.47,432
Thanjavur,858342,0,3,872.57,339
Salem,356407,1,7,744.0,702
Jorhat,356268,3,17,436.74,353
Jaunpur,518798,2,8,640.54,661
Hubli–Dharwad,349867,3,2,588.65,203
Phagwara,595797,2,17,245.86,380
Ambattur,153808,2,15,976.36,666
Gangtok,912071,1,16,1857.65,505
Maheshtala,100658,1,14,1670.47,713
Tinsukia,666065,1,4,1509.41,231
Bhilwara,523338,0,9,555.67,258
Adoni,16283,2,14,317.83,483
Aizawl,531804,2,2,680.11,184
Thoothukudi,298856,0,1,1663.58,318
Ambala,941949,0,9,1191.93,594
Aurangabad,914570,3,8,476.34,636
Anantapur,891346,3,10,337.07,181
Jorhat,836682,0,7,1341.67,285
Ahmedabad,410022,3,13,802.79,603
Satara,979887,3,17,682.78,559
Kirari Suleman Nagar,70737,3,20,719.77,359
Bokaro,212082,2,4,1826.72,493
Jammu,634446,1,5,399.54,345
Sonipat,744492,1,7,1068.47,508
Vasai-Virar,699030,0,18,840.15,298
Bhubaneswar,207302,0,15,1208.09,214
Shivpuri,850210,3,4,1614.57,324
Aligarh,189621,1,5,1861.73,566
Kanpur,834868,0,8,1275.97,578
Etawah,558798,2,10,1174.55,153
Arrah,557458,1,1,796.49,126
Bally,46262,2,2,1418.51,268
Jammu,894540,3,6,1385.2,564
Kozhikode,330665,2,10,1843.51,143
Bhilai,967382,3,18,654.76,525
Jalna,171941,3,13,358.51,124
Bhavnagar,551325,1,3,1508.8,668
Machilipatnam,156078,2,17,304.51,671
Mira-Bhayandar,615732,3,10,516.19,400
Vijayanagaram,825269,2,10,340.46,623
Khora ,694027,1,18,1696.98,636
Gandhinagar,600850,0,5,1155.87,263
Chinsurah,201602,1,18,752.78,456
Pallavaram,587079,3,4,1053.7,672
Madhyamgram,787740,2,13,1808.6,122
Jalgaon,128202,0,20,1281.15,452
Asansol,479606,3,5,1064.61,632
Bhopal,899027,2,2,793.86,440
Singrauli,431789,2,15,1689.46,681
Purnia,264083,2,19,921.51,231
Haldia,643529,1,4,1215.48,687
Dibrugarh,796944,0,16,1556.07,221
Jabalpur,831378,3,10,1030.12,559
Jamnagar,624598,2,3,1757.64,306
Akola,164050,0,17,908.68,559
Bharatpur,674980,3,5,1149.5,297
Pimpri-Chinchwad,579100,2,17,1177.34,141
Imphal,58300,3,5,1164.14,179
Tiruvottiyur,372198,3,8,1675.04,338
Udaipur,72489,0,10,1326.02,373
Bangalore,798154,1,3,280.77,414
Karaikudi,8953,3,9,1566.49,249
Etawah,741828,2,5,1602.35,384
Ichalkaranji,726872,3,10,469.41,387
Nagpur,394614,3,18,292.92,465
Nashik,247247,3,1,1764.07,305
Danapur,441097,2,6,1956.03,520
Udaipur,903499,1,16,922.29,387
Bihar Sharif,146074,0,9,1343.53,693
Udupi,442492,0,20,1684.84,576
Shivpuri,230324,2,6,1257.71,556
Orai,20322,1,9,225.87,186
Nagaon,558701,1,19,227.1,245
Khora ,706845,2,11,1029.69,509
Danapur,253065,0,20,1565.31,455
Sangli-Miraj & Kupwad,323849,0,7,1241.73,322
Kalyan-Dombivli,119441,1,18,875.32,262
Satara,685609,3,15,1261.08,702
Nellore,687731,0,16,762.73,504
Bareilly,516534,0,5,596.54,265
Guntakal,417102,3,1,1709.96,456
Imphal,390560,2,16,705.47,326
Srinagar,651071,3,11,679.0,579
Narasaraopet,722749,1,1,913.11,287
Ranchi,96858,1,2,1910.55,710
Pondicherry,829855,3,5,203.05,665
Shivpuri,351248,3,4,1209.16,257
Indore,866515,1,5,1289.29,361
Bahraich,575946,2,2,765.18,522
Anand,469217,2,14,1127.8,461
Lucknow,407239,3,13,1329.47,543
Morbi,836825,3,16,212.35,636
Jaipur,387529,2,14,1150.73,659
Nangloi Jat,190336,3,11,1800.81,159
Ulhasnagar,25486,3,20,988.63,353
Patiala,340166,2,11,524.5,713
Ghaziabad,306374,1,11,1197.58,489
Bangalore,760332,1,10,1963.99,170
Kamarhati,812273,2,12,1726.51,348
Begusarai,487693,3,8,982.05,249
Anand,99406,1,8,336.36,448
Sangli-Miraj & Kupwad,851715,2,18,1746.8,276
Eluru,572919,0,6,898.76,211
North Dumdum,972354,3,16,1201.21,588
Jaunpur,377289,2,3,205.59,631
Karnal,99625,1,12,1112.03,159
Kalyan-Dombivli,427888,3,8,1559.18,455
Malegaon,108567,1,2,1894.4,287
Hazaribagh,653569,1,6,1144.61,708
Gandhinagar,169345,3,14,1662.37,448
Karaikudi,324202,2,8,1485.09,336
Dehradun,437180,3,20,363.61,534
Berhampore,88516,0,2,301.73,487
Kottayam,445878,0,7,780.2,164
Jaipur,153207,0,16,997.43,331
Patiala,998032,1,7,536.98,594
Tirupati,230835,1,16,1390.49,525
Kamarhati,160165,3,17,1734.36,300
Thane,47308,2,6,726.67,640
Shahjahanpur,847001,0,5,728.54,356
Imphal,796497,2,4,418.15,602
Ghaziabad,632750,3,1,1030.06,173
Moradabad,915410,1,7,1090.31,525
Amritsar,409487,0,18,852.27,301
Mango,965143,3,14,1487.94,210
Panvel,447280,2,4,690.13,439
Kishanganj,458894,2,18,1491.21,584
Ludhiana,678835,3,14,1511.43,486
Jamalpur,666332,1,19,1766.61,339
Noida,264344,3,10,665.46,457
Thiruvananthapuram,525644,0,7,1712.14,560
Yamunanagar,270678,1,16,430.08,122
Delhi,105428,1,12,871.39,473
Bihar Sharif,207496,2,18,307.65,434
Ahmedabad,31357,3,18,1149.91,247
Aligarh,740540,1,19,859.59,269
Tirunelveli,786498,2,14,361.29,473
North Dumdum,143574,0,10,1898.27,377
Firozabad,943812,2,6,1524.68,286
Salem,411662,2,3,1099.62,288
Bettiah,585408,2,11,353.97,624
Loni,791176,3,14,406.21,128
Udaipur,573808,3,8,1401.79,347
Raichur,396599,2,18,1120.64,335
Rajkot,803574,3,7,255.73,531
Jabalpur,202458,2,20,733.3,544
Berhampur,238657,0,1,475.19,569
Nanded,313936,3,12,1551.29,545
Jalandhar,236035,3,9,578.21,700
Sambhal,12225,2,18,1202.35,247
Giridih,37529,3,14,393.06,439
Rewa,920798,3,3,490.69,328
Ajmer,266618,1,17,939.35,704
Nagpur,585704,3,11,1879.31,695
Ranchi,173317,2,14,1516.13,130
Medininagar,818142,2,8,1154.09,400
Sambhal,487548,0,4,1623.47,629
Haldia,745064,0,12,627.69,485
Coimbatore,592310,3,1,1142.91,665
Secunderabad,274378,1,13,646.92,293
Gorakhpur,538003,0,15,1603.16,687
Thane,717111,2,6,1695.68,440
Malda,599799,1,12,519.73,307
Bhopal,468224,1,2,1758.3,270
Khora ,130415,1,18,1509.24,217
Kalyan-Dombivli,919813,1,13,785.19,360
Bihar Sharif,429696,0,19,1628.45,378
Aurangabad,378247,0,3,1607.05,353
Ahmednagar,877365,0,6,547.78,353
Karnal,497779,0,13,1536.01,426
Jalandhar,966465,1,4,719.47,118
Bhusawal,99296,2,14,710.18,227
Kalyan-Dombivli,976412,2,2,1391.12,210
Agartala,697253,2,6,899.69,513
Salem,105468,2,6,1805.76,247
Jehanabad,602923,3,4,1897.16,292
Vellore,19974,3,3,949.01,353
Unnao,713632,3,16,525.07,531
Srinagar,281457,3,19,1230.62,515
Sagar,679096,3,7,1570.95,602
Deoghar,628916,0,19,1796.24,632
Agartala,730715,2,19,750.81,207
Udaipur,488900,1,10,332.4,434
Ludhiana,537237,3,12,1886.44,165
Amritsar,853732,0,18,835.09,514
Raiganj,664697,3,10,1339.52,352
Junagadh,680825,2,5,1637.85,382
Nagaon,698003,1,20,1164.38,453
Firozabad,826966,3,14,1237.8,427
Aligarh,170772,3,1,1585.03,163
Deoghar,787767,2,9,1525.85,339
Shivpuri,411235,2,4,1062.39,194
Kozhikode,826123,1,15,875.32,521
Tezpur,781987,1,8,1957.21,257
Panihati,82019,0,5,241.81,647
Udaipur,758,3,17,1205.49,345
Saharsa,202775,1,18,697.13,174
Madhyamgram,316077,1,18,1504.96,466
Morbi,585542,0,10,543.84,144
Salem,249528,3,4,1374.71,687
Coimbatore,897757,2,4,294.2,509
Tumkur,31549,3,8,1250.37,673
Amritsar,430592,3,11,1658.1,410
Anantapuram,576389,3,10,1251.78,693
Warangal,731038,3,7,1931.1,205
Kalyan-Dombivli,167549,1,11,506.68,509
Nanded,869550,2,11,1915.27,192
Farrukhabad,949389,1,19,1497.71,330
Belgaum,962036,0,4,1601.81,229
Sasaram,476326,2,4,1863.05,132
Deoghar,952634,3,5,1844.33,248
Rourkela,313467,3,6,229.76,117
Phagwara,214451,3,1,1152.95,567
Kishanganj,179510,0,13,1787.2,303
Sikar,555117,3,20,1750.74,690
Kollam,737341,2,3,1086.89,115
Agartala,977594,0,11,623.23,477
Mirzapur,336427,1,17,276.09,151
Satara,677618,1,1,738.13,166
Nagercoil,553703,3,10,1735.57,314
Darbhanga,340363,0,4,1134.64,389
Sambhal,394842,0,2,1720.18,545
Indore,203524,3,6,1440.06,119
Orai,113196,1,19,1894.61,372
Mathura,421244,3,17,1315.38,338
Vellore,229594,3,7,1994.7,673
Baranagar,131278,0,19,1984.5,563
Saharanpur,992566,3,8,1375.29,613
Shivpuri,22342,1,15,422.31,366
Bhilwara,576267,1,19,1415.88,399
North Dumdum,300054,2,2,1435.66,311
Jalna,92916,3,16,1022.99,474
Delhi,989634,3,4,438.31,535
Nadiad,751611,2,12,1550.37,123
Jaunpur,524267,1,6,291.96,522
Karawal Nagar,778786,2,1,336.26,282
Anantapuram,543627,0,12,1065.72,328
Bongaigaon,542991,1,14,1520.12,653
Miryalaguda,796425,0,20,745.4,316
Pimpri-Chinchwad,550671,1,12,1474.41,469
Orai,277971,1,5,362.53,263
Gandhinagar,41927,3,10,731.97,648
Morena,260718,2,9,855.24,267
Noida,89095,2,10,429.04,342
Arrah,757376,1,15,541.94,513
Morbi,867805,1,15,550.41,402
Katihar,745005,1,19,737.08,562
Bhilai,647372,0,2,1574.01,674
Belgaum,874947,1,5,279.89,215
Kavali,692517,0,20,637.35,576
Barasat,244403,0,3,1862.3,160
Chapra,609861,1,7,1060.59,171
Kolhapur,541139,1,16,1451.81,218
Tadepalligudem,311644,0,9,807.66,139
Ratlam,477588,2,1,301.12,268
Thiruvananthapuram,481131,3,1,208.09,303
Rajpur Sonarpur,696982,2,11,704.14,212
Naihati,484917,0,14,304.06,276
Orai,743207,3,6,1887.52,462
Raiganj,72237,3,6,1748.52,291
Kolkata,579158,1,7,1852.77,655
Mirzapur,607949,2,13,1135.26,149
Bijapur,850740,0,7,453.17,550
Ambarnath,852789,2,19,1484.9,491
Gaya,288459,2,5,273.38,430
Arrah,824264,0,13,1311.81,595
Amravati,67085,3,5,752.87,527
Saharsa,488450,3,11,266.65,460
Jammu,153911,2,14,1907.68,630
North Dumdum,112162,0,19,466.48,268
Pudukkottai,675974,3,11,498.21,311
Hindupur,936998,2,6,1022.98,507
Machilipatnam,124809,2,12,1479.93,251
Ratlam,618561,0,2,1055.17,531
Thrissur,74399,1,11,1326.65,299
Amritsar,598993,2,11,718.1,201
Gurgaon,484481,3,5,664.01,171
Kochi,487872,1,2,331.1,490
Gudivada,244426,3,18,1941.44,203
Shimoga,664694,0,13,1630.44,407
Solapur,164307,2,15,1299.49,276
Bally,342729,2,20,1238.26,478
Ujjain,998849,2,2,870.19,409
Gangtok,994735,3,12,749.66,573
Korba,818200,2,6,413.3,311
Navi Mumbai,937863,0,12,1569.19,440
Anantapuram,633882,0,18,482.2,180
Jalandhar,107053,2,2,950.88,650
Farrukhabad,305457,2,17,1873.34,176
Ozhukarai,381931,0,10,566.42,347
Ratlam,489551,2,6,992.26,441
Visakhapatnam,826795,3,11,1638.66,560
Uluberia,108657,3,7,1268.54,126
Rajkot,32438,3,18,876.56,542
Bellary,265134,3,17,1231.67,488
Bangalore,401130,1,18,1988.77,334
Ballia,584545,0,14,536.02,270
Buxar,665407,0,18,783.69,594
Jorhat,549114,1,1,210.18,628
Bhubaneswar,524266,3,20,1745.12,406
Gulbarga,536115,3,10,1315.84,415
Bathinda,939391,2,11,1402.36,339
Chennai,691326,3,11,1889.95,274
Uluberia,847572,3,14,1181.71,686
Dindigul,282157,3,6,495.41,389
Danapur,518443,3,19,1222.25,466
Durg,94769,3,15,1278.59,290
Munger,118585,1,13,1966.44,692
Jamshedpur,351341,0,10,1569.86,572
Ballia,359510,0,3,392.37,702
Ahmednagar,543068,0,2,847.93,299
Bellary,883836,0,11,1769.15,480
Jaipur,670567,2,13,448.52,410
Anantapur,744458,0,11,1663.53,455
Surendranagar Dudhrej,516962,0,17,1055.6,620
Avadi,389792,0,13,1935.31,644
Madurai,767391,3,16,422.74,679
Jalgaon,187348,0,12,1321.76,507
Rohtak,763240,0,11,963.35,638
Panipat,292989,1,4,821.83,329
Bhusawal,611142,0,1,796.97,602
Karnal,59218,2,20,223.79,499
Srikakulam,246691,1,11,407.03,675
Patna,859748,2,19,1974.33,428
Kavali,308708,3,2,1901.32,340
Bangalore,836547,0,10,1261.35,579
Dehradun,352126,0,11,1351.67,153
Kurnool,345635,1,19,1703.16,215
Bettiah,770230,2,6,617.22,375
Jhansi,42216,3,10,900.07,448
Shimoga,758004,0,9,331.15,302
Bilaspur,793140,2,14,1673.74,436
Danapur,694263,3,13,992.9,138
Adoni,524929,0,5,724.63,440
Berhampur,688637,1,10,1133.1,401
Maheshtala,538657,0,16,739.14,676
Hospet,246851,2,17,307.03,283
Imphal,177718,1,16,753.81,710
Bhiwani,804911,2,16,1403.68,230
Bhopal,305319,1,19,1893.6,360
Avadi,625562,0,2,1698.87,523
Bahraich,536170,3,18,952.61,535
Kota,977804,2,8,952.96,692
Salem,569461,1,2,1863.55,604
Sonipat,361030,3,11,728.65,570
Shivpuri,33088,1,16,866.2,200
Yamunanagar,603400,1,7,1224.69,561
Thoothukudi,992012,2,7,968.93,362
Phagwara,249442,0,7,1811.32,622
Unnao,977602,1,20,908.28,578
Madurai,639717,1,9,601.15,549
Jehanabad,759217,2,16,1380.2,208
Kumbakonam,470494,1,19,1042.05,284
Ambala,813277,1,10,1786.5,273
Ghaziabad,373380,2,9,1312.8,128
Hazaribagh,367446,0,2,269.4,648
Guna,494838,3,12,1754.04,198
Darbhanga,833987,1,5,1932.51,401
Shahjahanpur,354549,1,13,1632.23,574
Parbhani,700999,1,7,560.14,549
Unnao,817262,0,5,557.19,284
Nangloi Jat,978091,3,19,1278.01,463
Dehri,469757,2,11,1212.04,147
Shivpuri,950386,1,13,1659.73,348
Ranchi,707169,0,12,308.29,641
Tiruchirappalli,720144,2,1,1375.17,664
Nandyal,343492,2,18,289.7,629
Ballia,61391,0,5,1279.72,133
Durg,144438,3,18,1025.67,216
Bally,410832,1,3,721.04,594
Chapra,321850,0,12,1614.04,124
Buxar,293389,0,4,1021.23,447
Tumkur,216353,2,10,409.49,505
Panvel,691869,3,15,1832.58,593
Ajmer,857535,3,8,1615.2,261
Hapur,590658,2,20,1475.82,668
Tiruvottiyur,591291,1,10,1786.91,175
Thiruvananthapuram,602258,2,8,1298.79,517
Amritsar,684269,3,7,794.76,505
Malegaon,838512,1,8,356.62,295
Jabalpur,75343,1,9,1782.4,167
Begusarai,814266,0,2,1393.2,556
Jaunpur,755202,3,6,1410.59,506
Vijayawada,784029,0,9,1659.56,148
Rajpur Sonarpur,161282,2,5,1466.13,483
Howrah,460118,0,20,283.63,245
Hapur,163439,3,11,1520.09,426
Ranchi,574868,2,5,650.6,541
Miryalaguda,829480,2,12,1712.29,536
Eluru,907571,2,19,1790.43,617
Bidar,612763,1,14,829.36,336
Tezpur,358841,0,12,1844.21,593
Karimnagar,28876,1,19,926.68,686
Gandhinagar,186946,0,10,544.71,388
Ratlam,626892,1,16,1249.15,397
Dibrugarh,870715,1,18,1995.37,183
Sambhal,629342,0,20,1805.77,453
Kumbakonam,583025,3,5,516.9,321
Nadiad,846443,2,16,1096.83,713
Madurai,851454,3,17,1399.67,604
Hospet,511481,0,16,442.16,177
Ulhasnagar,25613,0,10,1601.86,148
Jalna,895444,3,17,856.95,238
Guntakal,653024,0,13,1879.61,333
Kharagpur,622019,2,20,1237.57,550
Kalyan-Dombivli,237601,0,19,622.08,237
Satna,756186,2,2,1474.27,249
Nandyal,321001,3,11,1408.42,389
Lucknow,284807,2,11,1898.72,321
Lucknow,297685,3,3,1600.68,357
Kishanganj,330178,2,5,211.3,248
Silchar,133041,2,13,506.28,414
Bhatpara,597677,3,10,614.48,179
Noida,248694,3,9,1141.68,141
Mango,547754,0,1,1050.74,473
Sambalpur,966637,1,11,1681.91,220
Parbhani,557915,2,4,840.89,215
Hajipur,123910,3,17,1608.81,382
Bhind,91752,3,10,824.31,388
Warangal,86601,0,1,301.21,235
Begusarai,320804,2,20,1429.12,448
Jalna,409142,0,4,1518.25,313
Bulandshahr,97442,1,12,1998.49,532
Ajmer,900627,3,10,934.08,466
Singrauli,529202,2,8,1540.25,204
Gwalior,620579,0,13,1118.75,353
Rajahmundry,753100,2,1,499.85,242
Nadiad,981634,0,5,1535.47,554
Bhagalpur,632688,3,16,527.03,145
Salem,133683,1,20,1655.49,240
Amroha,960333,1,18,783.47,328
Surendranagar Dudhrej,78491,1,10,282.63,147
North Dumdum,957395,1,2,1008.14,340
Etawah,363775,3,4,1743.87,127
Buxar,800996,0,20,1475.52,602
Vellore,693390,0,5,815.01,245
Howrah,50816,1,14,1799.47,122
Bareilly,724988,0,3,870.68,204
Pudukkottai,100457,2,14,215.16,520
Vellore,691199,1,6,1653.39,688
Ratlam,893977,2,20,999.04,235
Ludhiana,206065,2,14,757.15,577
Nizamabad,292847,2,2,958.17,665
Gorakhpur,856412,3,2,300.79,421
Gulbarga,408735,1,16,504.76,371
Dharmavaram,850478,3,11,1637.7,197
Nizamabad,524369,2,10,1964.72,197
Gangtok,661415,1,6,551.0,205
Firozabad,227726,3,7,1409.32,469
Bally,584566,2,14,581.57,342
Allahabad,79025,2,1,941.76,423
Tirupati,929796,1,7,1691.37,185
Karawal Nagar,452880,1,4,1515.8,577
Agra,685797,2,13,1767.81,139
Saharanpur,260071,0,20,1896.27,581
Panchkula,660842,0,4,739.04,123
Amroha,948603,3,13,532.9,251
Amravati,864006,3,3,514.06,169
Ambala,580131,1,4,1121.27,671
Mehsana,307601,2,3,1053.52,136
Shivpuri,276056,1,19,1393.14,421
Delhi,175880,3,13,262.6,458
Tiruvottiyur,937178,2,20,664.17,484
Faridabad,730723,0,6,1202.51,558
Imphal,276311,3,19,1526.04,622
Hazaribagh,87603,0,2,369.75,400
Bongaigaon,118940,1,15,240.17,451
Yamunanagar,915923,3,14,1095.58,635
Firozabad,226571,0,17,1583.52,354
Jalna,517187,0,20,1449.1,512
Agartala,868483,1,17,653.57,279
Mango,918327,1,6,515.69,648
Bidhannagar,317769,3,19,327.58,627
Nandyal,961518,0,1,1272.95,697
Ambala,46985,1,2,1637.32,547
Jammu,882141,3,13,791.67,711
Guntakal,408800,2,20,1027.41,416
Raebareli,594217,0,12,1377.27,622
Tirupati,611999,2,5,614.1,691
Pimpri-Chinchwad,945135,3,13,1595.6,287
Ratlam,908599,0,9,1353.93,639
Dhule,819317,1,10,924.9,294
Meerut,27074,2,18,1667.94,270
Mangalore,627586,3,3,330.22,274
Dehradun,920849,2,9,338.62,538
Imphal,194966,2,1,1766.24,180
Ichalkaranji,478461,3,9,1525.43,545
Mango,643300,1,16,1812.15,575
Ahmednagar,955878,0,17,762.82,485
Pallavaram,1281,2,6,887.04,249
Jalna,584733,1,4,1819.01,413
Nandyal,506488,0,12,1924.53,299
Dibrugarh,61375,1,7,1785.47,655
Thoothukudi,468885,2,6,1084.14,483
Bhiwandi,419317,1,9,1726.44,425
Jalna,771132,2,3,1743.81,402
Morena,89227,2,19,1179.28,596
Rajkot,332156,2,19,1297.04,124
Gangtok,890545,1,6,1255.9,323
Khandwa,785737,2,15,1764.25,612
Vellore,853871,1,15,885.48,531
Tumkur,983869,3,16,1855.7,594
Alwar,361355,0,17,1220.76,342
Hospet,407375,0,10,1753.39,120
Baranagar,509489,0,16,356.96,596
Madanapalle,566155,0,12,799.11,226
Gaya,980372,2,8,903.37,315
Rourkela,537609,1,5,551.29,292
Aligarh,227395,3,18,398.91,317
Bhubaneswar,37268,3,9,1677.91,696
Erode,149001,2,1,1713.94,140
North Dumdum,159869,1,12,1751.77,688
Ghaziabad,553914,3,8,1975.21,387
Agra,187467,1,12,853.49,671
Hosur,683470,3,14,1612.31,640
Amroha,693916,2,13,1865.94,351
Kanpur,542949,3,18,701.13,441
Avadi,554021,1,19,1882.45,285
Kadapa,344807,1,13,1874.42,360
Satara,326010,1,17,387.14,373
Madhyamgram,51637,1,1,581.78,358
Raichur,224637,1,3,1390.06,330
Bhusawal,913157,1,19,680.28,446
Tiruppur,881065,1,4,1346.03,527
Kalyan-Dombivli,739018,2,18,888.43,156
Proddatur,188765,2,1,402.74,511
Kozhikode,711088,2,16,510.62,197
Jalna,891610,2,9,1210.36,564
Kota,322889,2,3,1515.02,523
Amaravati,419201,3,16,1361.94,149
Ratlam,192232,0,7,1664.82,161
Bidhannagar,277814,2,19,854.26,694
Burhanpur,193503,1,5,1337.11,339
Amaravati,562508,0,1,589.31,279
Alwar,733851,3,5,1340.79,188
Alappuzha,231756,2,11,1295.42,249
Chapra,223908,0,13,1326.66,311
Proddatur,826520,1,19,1283.05,511
Yamunanagar,447524,2,14,1034.45,464
Sambalpur,230889,0,4,873.53,631
Secunderabad,907316,2,15,1304.24,707
Kottayam,928642,2,16,1273.07,460
Noida,51896,2,8,1438.75,193
Bharatpur,841899,0,13,1503.93,204
Belgaum,552859,3,4,1706.89,199
Agra,64983,2,4,1202.89,219
Unnao,383439,1,19,1488.68,276
Kharagpur,963652,2,11,1787.82,414
Chennai,734650,3,5,1971.67,376
Dhanbad,498623,3,13,1624.06,145
Ludhiana,51633,1,12,772.64,480
Bhusawal,182024,2,1,865.72,416
Alwar,476814,1,17,1240.91,454
Asansol,880031,3,4,234.63,563
Kottayam,798846,1,1,696.29,690
Gurgaon,546100,0,9,882.89,174
Rewa,416519,3,8,863.9,138
Rewa,875966,3,10,1507.28,255
Ongole,989821,0,17,1752.91,294
Rampur,639737,0,5,505.34,351
North Dumdum,140071,0,15,1495.87,485
Kalyan-Dombivli,144309,0,17,1482.59,378
Ambala,181111,2,12,1245.07,386
Chapra,556077,2,3,689.11,247
Jalgaon,278297,3,13,1094.35,259
Chittoor,320760,1,16,1812.66,560
Agra,119724,3,6,998.95,129
Panvel,973220,2,3,1468.98,602
Thrissur,368568,2,3,1952.17,464
Dindigul,921070,1,10,1962.92,553
Chittoor,679019,1,15,1834.19,300
North Dumdum,234734,3,13,464.33,348
Rampur,721290,3,17,1560.64,604
Ramagundam,677659,2,20,1923.39,644
Singrauli,840019,2,6,1446.09,353
Noida,187126,2,6,1765.93,388
Haridwar,115807,0,15,1561.12,519
Panipat,368597,0,11,1868.71,133
Pondicherry,600152,1,14,1440.46,651
Unnao,736234,2,18,608.27,409
Tenali,314322,2,16,1168.22,485
Gulbarga,402619,0,18,1491.65,410
Kharagpur,816353,0,4,1298.64,383
Sambalpur,368657,2,20,353.22,507
Saharanpur,630561,0,13,1220.9,704
Farrukhabad,286455,0,20,1969.45,445
Ahmednagar,767957,1,17,225.6,483
Loni,270937,3,12,603.0,348
Tenali,503518,3,11,389.36,389
Jaunpur,277120,3,18,1086.42,527
Raurkela Industrial Township,785466,0,10,996.94,211
Purnia,250315,0,15,355.81,664
Saharanpur,247144,3,14,873.22,536
Jodhpur,426661,3,10,311.25,623
Tezpur,740506,2,19,205.79,582
Gandhinagar,337198,2,5,608.34,574
Rajpur Sonarpur,309093,3,11,404.6,703
Bulandshahr,841456,1,4,1925.08,535
Motihari,841574,3,4,938.8,319
Jhansi,680194,3,19,483.76,513
Eluru,878564,2,4,391.22,669
Jamnagar,121929,2,8,723.86,398
Bidar,158018,3,8,1118.55,502
Gandhidham,492281,3,6,1470.93,165
Ramagundam,350815,0,12,1906.46,652
Tiruppur,775702,2,6,1999.64,711
Thiruvananthapuram,958921,3,10,1509.04,396
Navi Mumbai,757007,2,10,961.81,414
Bally,856982,0,9,1832.51,210
Madhyamgram,776819,2,19,1652.35,541
Siwan,229431,3,14,1964.18,177
Panipat,645655,1,6,894.79,319
Malda,426543,2,11,1889.81,538
Visakhapatnam,717476,0,17,509.95,204
Baranagar,218441,1,1,963.43,431
Arrah,898935,3,14,1058.02,665
Dindigul,120070,0,4,1878.39,244
Jamnagar,457035,0,3,1552.42,326
Dewas,225890,3,14,509.41,653
Ongole,444579,0,4,817.25,448
Machilipatnam,955200,2,20,1241.57,415
Jehanabad,701319,1,10,1810.06,134
Pallavaram,759756,2,5,680.48,543
Tiruvottiyur,167479,0,10,476.03,178
Bhilwara,472226,0,2,1428.68,342
Ghaziabad,596688,3,14,474.26,413
Bulandshahr,578313,0,10,1000.27,134
Karnal,132415,1,7,1712.59,494
Nanded,861394,1,18,1474.77,223
Aligarh,589333,1,14,1230.38,169
Rohtak,217110,1,2,813.0,459
Nanded,578739,3,15,1205.96,337
Rajahmundry,758751,1,16,1681.18,480
Bathinda,360468,2,3,1470.2,639
Etawah,598689,1,15,1952.01,383
Howrah,14994,1,16,417.3,497
Indore,996221,3,9,1235.13,614
Thane,196294,0,11,1742.23,466
Kharagpur,916972,0,7,582.01,615
Bardhaman,285240,3,9,1823.25,397
Rajahmundry,134704,3,18,1830.92,469
Ambala,346553,1,18,649.19,147
Sambhal,719965,2,8,761.17,287
New Delhi,279112,0,20,1785.99,142
Rampur,778285,1,10,1915.85,384
Deoghar,925948,3,14,315.31,496
Berhampur,952930,2,4,1992.05,714
Vadodara,404379,0,2,497.56,713
Ramgarh,306054,2,12,421.21,700
Bijapur,703311,0,14,1239.32,187
Coimbatore,754911,1,14,1913.71,379
Visakhapatnam,928742,1,6,755.84,546
Rajahmundry,573783,3,6,1354.97,160
Korba,687107,2,19,995.55,278
Dhule,722930,3,5,492.0,591
Siliguri,966869,0,14,691.64,692
Mysore,458924,0,2,1425.64,649
Mirzapur,336281,2,17,879.54,129
Tirupati,153951,0,11,1231.91,274
Haldia,888357,3,2,1599.26,478
Bhopal,28548,0,7,1580.04,274
Dhule,929834,2,11,1018.05,136
Bongaigaon,743452,3,6,1970.15,584
Surendranagar Dudhrej,54821,1,19,1678.4,608
Bikaner,668122,3,6,1313.89,247
Tadipatri,216145,0,3,1963.77,661
Fatehpur,783489,2,6,1782.61,152
Kumbakonam,316134,1,5,537.94,339
Jammu,598277,2,7,813.3,510
Ajmer,295136,2,19,463.08,378
Bathinda,566507,0,17,1418.32,370
Jamalpur,336495,3,8,493.64,163
Ozhukarai,900241,3,19,346.93,290
Amravati,748122,1,11,293.88,572
Pondicherry,562307,1,12,1758.24,449
Bathinda,522694,3,1,1161.94,256
Fatehpur,321200,3,13,1933.7,275
Jaipur,7202,2,10,910.12,521
Thiruvananthapuram,837790,0,8,513.07,117
Dharmavaram,13634,3,16,1002.95,300
Bareilly,752668,1,14,1482.08,131
Phusro,672485,3,13,1629.2,652
Malda,912239,0,14,598.03,686
Coimbatore,194689,2,14,1605.95,215
North Dumdum,638995,0,15,476.34,437
Bardhaman,706055,3,11,203.02,476
Amroha,306136,0,6,1002.88,423
Bhagalpur,632415,3,9,1890.71,217
Ujjain,941766,3,3,1238.99,258
Vijayanagaram,772253,2,9,1492.09,265
Gopalpur,173439,2,3,400.0,685
Anantapur,554679,2,11,361.98,618
Ambattur,596147,2,17,574.18,274
Ghaziabad,187842,1,9,1444.39,395
Jamnagar,145067,0,1,1908.19,460
Jorhat,222676,1,15,1130.02,701
Miryalaguda,951611,0,19,1414.63,276
Bijapur,783411,3,16,636.15,708
Mathura,928001,2,9,550.5,471
Ramagundam,717189,1,18,1400.05,664
Solapur,116736,3,20,756.84,156
Bongaigaon,753834,2,13,1338.69,419
Baranagar,320524,2,1,717.51,561
Patiala,872616,0,10,586.96,138
Raichur,114778,2,10,1703.39,210
Amravati,711598,2,14,968.95,619
Naihati,350456,0,2,1701.15,201
Satara,316215,2,1,1412.58,632
Moradabad,441368,3,1,300.82,540
Khandwa,773280,3,6,1136.03,708
Mau,106228,0,19,1947.14,503
Latur,254231,3,20,1583.4,154
Chennai,52382,1,10,1809.98,547
Delhi,130657,2,2,1767.76,281
Serampore,555849,0,11,479.65,227
Dewas,868197,1,19,1982.78,624
Bilaspur,740219,0,1,1590.54,577
Jaunpur,694453,3,5,512.48,283
Agartala,938373,2,11,398.48,666
Bilaspur,256023,2,8,433.11,397
Guntur,224009,3,2,1503.54,303
Bathinda,892652,1,1,1530.27,619
Mysore,676770,2,3,1561.41,517
Sambhal,529673,2,8,939.36,147
Mango,124336,0,7,478.18,657
Yamunanagar,776068,2,8,478.45,501
Gandhinagar,478625,3,6,1449.81,279
Raurkela Industrial Township,813444,2,5,669.46,651
Noida,355666,2,10,1430.56,560
Deoghar,8504,3,20,1016.92,665
Begusarai,766033,3,10,1122.23,662
Nangloi Jat,460669,2,20,1391.48,257
Tiruppur,621192,1,16,1440.12,499
Hubli–Dharwad,42350,2,8,1853.96,574
Gandhinagar,229507,2,19,978.81,578
Nagercoil,219851,3,10,1574.59,609
Singrauli,711877,3,19,1678.77,490
Chittoor,521820,2,15,1976.82,607
Ghaziabad,721656,0,10,1951.59,465
Katihar,248566,0,9,753.89,229
Ranchi,68770,1,18,1698.54,691
Allahabad,296322,1,5,1114.5,511
Guntakal,304902,3,9,1250.28,429
Salem,349141,0,2,282.92,225
Kalyan-Dombivli,968102,3,20,280.67,368
Bhimavaram,569130,3,2,536.01,475
Navi Mumbai,772301,0,10,1413.21,259
Kota,492160,2,7,1081.06,319
Sirsa,261102,1,6,1772.67,436
Madurai,138588,3,4,1563.61,337
Orai,182135,2,6,1292.83,367
Kishanganj,47845,1,15,1097.78,523
Visakhapatnam,784114,0,14,736.62,660
Raebareli,430535,2,7,257.78,156
North Dumdum,608152,1,18,410.34,426
Anantapur,81264,1,3,832.17,191
Latur,550475,0,13,271.49,141
Kumbakonam,918590,3,5,404.55,206
Hapur,547704,1,8,1050.74,138
Tezpur,129682,3,1,1126.02,225
Saharsa,205275,3,18,1734.32,366
Rajahmundry,39724,2,15,1447.55,269
Haridwar,228579,1,2,1399.08,158
Madanapalle,643542,1,12,872.26,320
Visakhapatnam,567196,1,13,1355.09,457
Jamnagar,657089,2,12,1083.95,188
Fatehpur,186578,1,7,555.18,346
Purnia,361264,2,10,1465.58,412
Burhanpur,643739,0,14,1067.89,470
Tezpur,246888,2,4,1961.01,629
Moradabad,383404,2,3,1438.23,553
Khammam,487840,0,1,1111.47,122
Hyderabad,769553,2,10,839.31,306
Pune,122989,3,20,1693.63,550
Nellore,40785,1,5,1614.27,343
Dhanbad,639571,1,16,1154.75,146
Chennai,715090,3,8,1829.16,298
Katihar,517368,3,18,292.43,234
Sasaram,545125,1,18,1965.81,296
Korba,953555,0,19,1546.79,340
Karawal Nagar,785030,1,14,517.58,251
Bardhaman,815342,1,5,911.68,536
Tiruppur,828461,1,8,283.36,606
Panihati,753285,0,10,1678.01,282
Sultan Pur Majra,916917,2,16,1799.33,354
Allahabad,48642,3,6,211.88,346
Erode,401443,0,10,709.43,151
Ambala,927996,3,8,311.45,169
Jehanabad,987434,2,17,1914.26,461
Suryapet,173070,2,13,1897.75,683
Kakinada,361736,1,15,1484.06,509
Khammam,155215,2,15,806.54,408
Thrissur,805070,1,5,1832.55,414
Bijapur,48895,3,8,646.2,251
Solapur,803955,2,3,1354.66,640
Bikaner,451907,3,9,1631.87,468
Sultan Pur Majra,6805,1,6,571.92,497
Bongaigaon,420577,2,16,655.46,458
Khammam,186763,3,7,651.7,167
Vadodara,38403,1,6,207.69,535
Bareilly,879635,2,9,1058.66,378
Siliguri,645207,2,4,1794.26,337
Gulbarga,777861,1,3,678.24,128
Burhanpur,526621,1,20,1716.92,260
Tadipatri,182979,1,18,1566.26,603
Ambarnath,314449,2,19,500.17,150
Kalyan-Dombivli,657178,0,6,484.37,300
Mahbubnagar,741973,2,5,1108.16,622
Kozhikode,471587,3,9,1569.0,349
Loni,830494,1,13,1714.99,283
Bathinda,352264,0,17,218.0,351
Phusro,368657,2,14,1758.5,511
Imphal,939188,0,6,919.34,459
Narasaraopet,278326,0,17,1885.64,391
Kota,906115,1,13,1694.79,613
Muzaffarpur,339447,3,4,468.78,185
Asansol,149383,2,14,763.1,148
Thanjavur,987744,0,6,1011.59,263
Fatehpur,277910,1,14,414.15,530
Ahmedabad,780127,2,12,503.83,552
Srinagar,862794,0,2,1308.38,410
Gudivada,629553,3,10,1843.17,136
Alappuzha,275189,3,19,557.81,612
Bilaspur,556983,3,6,845.41,391
Nangloi Jat,65311,3,13,600.95,259
Bangalore,351499,1,17,913.21,134
Anantapuram,200968,2,12,704.66,229
Silchar,725705,2,3,1265.19,133
Faridabad,792664,3,19,1460.86,212
Cuttack,599557,0,12,857.13,338
Jhansi,441254,2,1,1077.22,380
Shimla,385345,1,11,1341.14,653
Sirsa,615594,0,8,1877.93,702
Tezpur,504712,1,14,1984.56,697
Adoni,920070,1,18,708.5,515
Aurangabad,349728,2,1,497.93,670
Berhampur,622771,1,5,338.13,675
Satna,50152,3,9,1169.11,262
Silchar,207673,0,11,454.04,287
Kishanganj,701245,1,10,1146.39,194
Mysore,277988,1,3,632.74,624
Sambhal,867424,2,13,321.96,212
Dhule,571328,2,19,1431.95,141
Guna,284622,0,4,1590.36,676
Durg,750467,2,6,1574.77,548
Asansol,187523,1,16,1250.35,389
Chandrapur,347833,1,17,1603.27,203
Mysore,33453,1,14,1311.86,301
Chandigarh,658428,0,15,496.26,464
Rajkot,318377,2,4,1270.33,635
Kalyan-Dombivli,943347,3,10,1754.59,533
Ajmer,270755,2,16,762.06,251
Nagaon,233710,1,11,932.44,168
Gwalior,778124,3,2,1374.76,353
Navi Mumbai,648770,0,7,1786.78,689
Hajipur,786331,1,10,1614.59,271
Suryapet,254066,1,2,1647.35,520
Bhusawal,856620,1,8,210.86,240
Agra,841879,3,2,1513.8,214
Bhusawal,516102,2,10,920.89,118
Tirunelveli,173820,1,14,1760.03,407
Jehanabad,616737,1,11,606.28,296
Udupi,387337,0,16,1375.64,307
Bhilwara,854285,2,20,1202.1,457
Bhubaneswar,613585,3,3,1549.99,138
Bangalore,609126,3,6,204.58,209
Jamshedpur,260720,2,8,603.44,179
Howrah,326443,3,18,724.91,192
Dindigul,509584,1,18,699.89,359
Bijapur,113784,1,11,1573.7,419
Shivpuri,528740,0,20,1879.13,565
Dhule,103327,3,20,669.58,298
Nadiad,216025,0,14,1240.96,680
Jalna,627760,0,6,1167.45,187
Eluru,877706,1,12,491.26,544
Surendranagar Dudhrej,477087,2,7,731.46,338
Jorhat,597801,2,14,1504.45,167
Bhilwara,626053,2,8,200.43,621
Bangalore,478862,0,8,972.22,343
Warangal,563073,2,16,1142.06,600
Raurkela Industrial Township,537597,3,2,340.15,147
Loni,214414,3,7,1531.63,257
Kirari Suleman Nagar,412117,0,10,620.03,472
Agra,661359,0,20,1680.48,311
Chinsurah,96950,1,14,231.38,200
Deoghar,918933,0,19,1322.32,139
Pudukkottai,762221,1,17,1907.16,449
Guntur,515677,2,3,1875.03,568
Buxar,998569,0,15,738.1,577
Alappuzha,137999,3,13,340.65,711
Satna,833563,3,2,1483.92,572
Warangal,439591,0,3,483.87,243
Chittoor,117692,2,19,1525.5,384
Tadepalligudem,355069,1,1,1609.24,573
Madanapalle,720562,3,7,1660.54,705
Dehradun,22922,3,17,1178.41,610
Ratlam,878680,0,16,496.65,488
Guntakal,819570,2,6,1516.67,259
Ranchi,684048,0,2,1970.33,414
Burhanpur,921503,2,7,1445.85,611
Bardhaman,985614,0,20,1706.11,148
Kakinada,58056,2,9,1996.53,402
Nagpur,854006,1,9,313.25,183
Singrauli,131116,0,3,502.9,542
Raiganj,355567,2,14,1879.91,499
Howrah,978633,3,7,354.25,234
Jalna,664273,0,12,972.71,165
Hubli–Dharwad,157060,3,13,413.94,206
Kumbakonam,269616,3,19,1546.13,333
Tenali,243885,1,14,967.01,710
Sagar,110593,3,4,1570.62,521
Jammu,293835,2,14,1105.84,217
Srikakulam,743644,0,15,545.71,568
Muzaffarpur,645064,0,5,536.94,366
Satara,867852,2,10,1750.59,480
Darbhanga,847487,1,12,524.48,239
Haridwar,159776,0,14,1681.58,379
Silchar,658648,1,6,1082.93,449
Akola,567715,3,7,291.45,248
Sangli-Miraj & Kupwad,813233,1,3,1591.27,289
Sikar,60359,1,6,964.4,592
Asansol,253211,1,11,1082.3,329
Jorhat,848945,2,4,1273.0,139
Haridwar,17750,0,20,1845.42,673
Bulandshahr,648636,3,19,1294.04,369
Imphal,632918,0,5,1334.49,356
Chittoor,757455,1,16,1746.83,678
Danapur,418635,3,5,518.33,479
Giridih,829446,2,9,1428.54,655
Bhubaneswar,185673,1,19,1163.84,596
Pallavaram,624264,3,20,1914.18,640
Kavali,764984,3,18,1381.21,493
Asansol,221829,3,17,894.34,669
Gandhinagar,595160,3,14,1323.95,120
Karaikudi,201870,3,15,1791.39,668
Katihar,161040,0,1,1620.16,164
Shahjahanpur,603119,1,10,297.38,274
Phagwara,737896,0,15,1084.93,705
Proddatur,495945,1,11,1815.06,292
Katni,779863,3,12,1569.04,215
Rampur,415727,0,11,278.97,157
Avadi,657231,0,1,340.77,353
Gorakhpur,112503,0,10,426.97,507
Mysore,644861,2,16,1796.96,451
Kamarhati,185526,3,17,1262.44,451
Bellary,671584,1,8,698.59,649
Sri Ganganagar,737494,2,2,1083.95,547
Anantapuram,766651,3,16,839.46,708
Farrukhabad,382294,0,8,1091.61,646
Bongaigaon,137712,3,15,1775.12,426
Sangli-Miraj & Kupwad,776029,0,13,450.79,182
Uluberia,214812,2,1,1557.57,189
Firozabad,795626,0,7,557.11,443
Siwan,847223,2,10,697.08,597
Nangloi Jat,116387,0,10,1226.1,464
Dibrugarh,888729,0,10,1689.41,150
Machilipatnam,209167,0,14,1301.27,442
Pondicherry,679447,3,2,841.91,696
Avadi,944699,3,5,1255.2,400
Karimnagar,865438,1,20,1033.07,148
Bareilly,148727,3,20,1519.5,272
Proddatur,496205,1,14,928.3,279
Raiganj,376225,2,6,390.11,272
Bhubaneswar,238713,0,9,1495.17,153
Bhagalpur,33353,0,19,1954.78,271
Vadodara,279779,3,17,1721.72,713
Bongaigaon,13029,3,1,1536.39,686
Bhubaneswar,906383,0,19,1814.67,142
Patna,673157,3,8,453.33,595
Rajkot,250605,3,6,1176.58,362
Tadepalligudem,892690,3,8,780.94,476
Bikaner,591446,0,13,835.06,638
Gulbarga,375546,2,17,1787.69,484
Gandhidham,664697,0,15,234.66,323
Karimnagar,202075,3,3,736.05,706
Bulandshahr,169284,0,14,1601.91,314
Purnia,734014,2,2,622.87,552
Kadapa,97917,3,7,404.02,352
Bidar,46181,0,1,997.65,253
Ambala,224620,0,7,1651.18,598
Miryalaguda,269887,3,8,1679.23,355
Khandwa,984786,0,19,1803.11,350
Bijapur,963064,2,7,838.66,644
Jamnagar,821263,1,11,627.21,347
Jamshedpur,139007,2,1,788.35,384
Bellary,504776,2,17,1339.75,560
Malegaon,971189,0,9,519.73,607
Mau,562013,0,15,890.77,191
Pune,427282,1,12,1734.51,270
Raiganj,561007,2,9,1536.28,539
New Delhi,619007,3,6,784.7,247
Kishanganj,140451,3,10,980.64,545
Jodhpur,278850,3,20,1556.48,241
Thane,985691,3,9,1689.59,601
Allahabad,925280,1,2,730.33,549
Ghaziabad,187788,2,5,1517.34,676
Howrah,717606,2,3,1378.77,472
Panchkula,546301,3,20,1801.96,490
Panipat,478112,3,6,1112.65,514
Deoghar,856727,0,12,1133.25,359
Vadodara,441464,2,2,1902.69,359
Mumbai,963704,1,5,1719.33,481
Jamshedpur,771247,3,5,1137.61,384
Dehri,410068,2,16,1578.87,388
Durgapur,533130,3,10,1368.49,358
Yamunanagar,357745,1,8,1281.84,475
Tadepalligudem,580130,0,3,821.84,331
Panihati,833973,1,17,1813.79,544
Morbi,278827,1,1,429.36,314
South Dumdum,642495,0,3,759.03,163
Bidhannagar,306843,2,8,601.32,670
Ludhiana,386268,0,19,473.06,633
Giridih,330314,0,8,740.07,227
Ichalkaranji,993809,1,15,1420.71,572
Kochi,824038,3,17,1098.59,330
New Delhi,465288,2,3,1657.15,414
Karnal,590916,0,8,1040.64,144
Khora ,618702,3,10,1004.08,634
Bhubaneswar,599055,1,4,618.64,344
Kochi,484847,1,10,1290.79,334
Sagar,356947,3,4,1306.25,372
Gandhidham,538790,3,12,1976.29,487
Khandwa,27671,1,15,236.72,514
Thanjavur,443618,1,20,537.48,200
Tirunelveli,29632,0,14,1163.42,378
Saharanpur,524586,0,8,623.8,429
Fatehpur,398070,0,8,1372.05,615
Guwahati,104698,1,19,1128.06,692
Hubli–Dharwad,956627,0,3,1566.5,166
Saharsa,209011,0,2,1181.99,550
Sirsa,422943,1,1,381.19,259
Thane,190824,2,15,514.31,511
Kottayam,262919,0,1,1054.0,308
Nashik,66654,1,6,697.9,344
Loni,793600,2,3,1992.36,637
Proddatur,938207,1,4,1119.75,502
Bikaner,682021,1,18,1378.5,347
Bathinda,212770,1,14,1207.51,192
Bellary,953914,1,6,1275.29,203
Machilipatnam,289225,1,20,1706.71,548
Alwar,767956,1,3,1494.14,162
Tadipatri,380443,3,10,1154.65,261
Bhopal,405442,2,13,695.02,413
Bijapur,189078,0,12,1908.12,154
Delhi,31910,2,12,1856.92,288
Katni,357046,2,10,1646.68,434
Dhule,505219,0,7,1952.94,484
Durg,701263,0,4,605.47,624
Aizawl,253575,2,4,946.64,527
Machilipatnam,762247,0,10,1284.27,702
Rajkot,779561,0,17,1636.63,115
Bidhannagar,571261,0,11,1896.36,694
Jamnagar,170135,3,13,1178.81,471
Begusarai,408698,3,8,420.78,312
Naihati,455466,3,9,1742.63,349
Gorakhpur,115141,2,1,726.89,459
Deoghar,81838,1,6,1155.12,183
Anantapuram,627253,3,13,1784.32,436
Miryalaguda,536699,0,18,1197.98,419
Tirunelveli,90749,1,17,480.61,468
Varanasi,799601,3,14,1722.19,472
Sonipat,755769,0,14,489.91,232
Raurkela Industrial Township,343490,3,5,1567.18,362
Chandrapur,865476,1,18,1719.35,498
Vadodara,254021,1,17,544.45,557
Bareilly,264965,2,1,1234.0,322
Ambarnath,314766,0,12,833.32,150
Mysore,394940,2,2,1268.05,197
Gandhidham,791492,3,3,1490.73,680
Purnia,831675,3,11,696.12,309
Bhatpara,119108,2,5,656.97,607
Dehradun,176202,3,11,452.1,456
Muzaffarnagar,882501,1,20,1981.72,313
Pimpri-Chinchwad,730587,2,16,1084.73,542
Rampur,630779,0,5,564.03,289
Jaipur,577563,0,4,669.01,328
Alwar,409528,1,11,1808.42,466
Baranagar,534970,2,5,1597.14,695
Orai,59036,0,8,1634.33,474
Mumbai,45238,0,17,754.33,399
Udupi,688100,3,4,1540.81,249
Kavali,528749,3,1,1541.22,346
Alwar,586734,2,12,1185.5,174
Dewas,342448,0,4,376.5,659
